CustomerID,CustomerName,Gender,Age,City,State,CustomerSegment,SignupDate
C00001,Aditya Khan,Male,39,Chandigarh,Chandigarh,Corporate,2023-07-01
C00002,Aditya Joshi,Male,52,Nagpur,Maharashtra,Consumer,2024-12-08
C00003,Rahul Shah,Male,35,Jaipur,Rajasthan,Corporate,2023-12-29
C00004,Tanya Joshi,Female,22,Ahmedabad,Gujarat,Consumer,2024-05-14
C00005,Rahul Iyer,Male,48,Chennai,Tamil Nadu,Consumer,2023-03-03
C00006,Varun Patel,Male,54,Surat,Gujarat,Consumer,2023-06-25
C00007,Myra Sharma,Male,25,Jaipur,Rajasthan,Corporate,2023-11-26
C00008,Varun Patel,Female,21,Pune,Maharashtra,Consumer,2024-02-27
C00009,Myra Gupta,Female,40,Chandigarh,Chandigarh,Corporate,2025-04-26
C00010,Diya Mehta,Male,22,Bhopal,Madhya Pradesh,Corporate,2023-10-09
C00011,Diya Iyer,Female,36,Bhopal,Madhya Pradesh,Corporate,2024-07-27
C00012,Arjun Iyer,Female,56,Hyderabad,Telangana,Corporate,2024-12-09
C00013,Myra Mishra,Female,55,Chennai,Tamil Nadu,Consumer,2023-02-03
C00014,Arjun Singh,Male,49,Mumbai,Maharashtra,Consumer,2024-02-28
C00015,Vivaan Khan,Male,48,Lucknow,Uttar Pradesh,Consumer,2024-12-16
C00016,Kabir Chopra,Female,65,Delhi,Delhi,Consumer,2023-07-13
C00017,Varun Nair,Female,29,Delhi,Delhi,Consumer,2025-04-05
C00018,Kabir Patel,Male,42,Chandigarh,Chandigarh,Corporate,2024-12-06
C00019,Aadhya Patel,Female,57,Kolkata,West Bengal,Consumer,2023-04-06
C00020,Aditya Khan,Female,52,Indore,Madhya Pradesh,Consumer,2023-05-26
C00021,Karan Mehta,Female,51,Ahmedabad,Gujarat,Consumer,2023-08-03
C00022,Kabir Saxena,Female,64,Chandigarh,Chandigarh,Consumer,2023-03-20
C00023,Anaya Das,Male,61,Pune,Maharashtra,Consumer,2024-11-18
C00024,Varun Kapoor,Male,55,Kochi,Kerala,Consumer,2024-02-09
C00025,Vivaan Verma,Female,61,Ahmedabad,Gujarat,Consumer,2024-10-11
C00026,Kabir Iyer,Female,40,Lucknow,Uttar Pradesh,Corporate,2025-02-09
C00027,Myra Mishra,Male,38,Chandigarh,Chandigarh,Consumer,2023-03-27
C00028,Anika Chopra,Female,55,Mumbai,Maharashtra,Consumer,2023-02-07
C00029,Reyansh Malhotra,Female,24,Chandigarh,Chandigarh,Consumer,2024-12-15
C00030,Reyansh Kapoor,Male,39,Surat,Gujarat,Consumer,2023-11-09
C00031,Kabir Sharma,Male,64,Bengaluru,Karnataka,Corporate,2023-02-28
C00032,Vivaan Kapoor,Male,39,Ahmedabad,Gujarat,Consumer,2025-04-24
C00033,Ira Shah,Female,30,Kochi,Kerala,Consumer,2025-02-03
C00034,Diya Kapoor,Male,18,Delhi,Delhi,Consumer,2025-03-17
C00035,Kabir Bansal,Male,23,Pune,Maharashtra,Consumer,2023-08-08
C00036,Anika Mishra,Male,33,Indore,Madhya Pradesh,Small Business,2023-04-07
C00037,Varun Singh,Male,19,Hyderabad,Telangana,Consumer,2023-10-06
C00038,Tanya Shah,Female,27,Kochi,Kerala,Consumer,2025-05-07
C00039,Kiara Joshi,Male,30,Surat,Gujarat,Consumer,2024-04-24
C00040,Vivaan Kapoor,Other,25,Kolkata,West Bengal,Corporate,2025-03-13
C00041,Rahul Nair,Male,60,Hyderabad,Telangana,Consumer,2023-01-20
C00042,Nisha Malhotra,Female,60,Chandigarh,Chandigarh,Corporate,2023-03-27
C00043,Aadhya Kapoor,Female,62,Delhi,Delhi,Consumer,2023-03-02
C00044,Tanya Nair,Female,35,Bengaluru,Karnataka,Small Business,2024-06-23
C00045,Vivaan Mehta,Male,32,Chennai,Tamil Nadu,Small Business,2024-03-25
C00046,Sara Patel,Female,26,Bengaluru,Karnataka,Consumer,2023-07-26
C00047,Aarav Saxena,Male,23,Nagpur,Maharashtra,Corporate,2024-11-20
C00048,Ira Patel,Male,19,Hyderabad,Telangana,Corporate,2024-10-05
C00049,Tanya Gupta,Male,23,Kolkata,West Bengal,Consumer,2025-05-25
C00050,Kabir Gupta,Male,33,Ahmedabad,Gujarat,Consumer,2025-05-10
C00051,Varun Reddy,Male,19,Ahmedabad,Gujarat,Corporate,2025-01-26
C00052,Aditya Mishra,Female,18,Bengaluru,Karnataka,Consumer,2025-05-19
C00053,Reyansh Reddy,Female,56,Indore,Madhya Pradesh,Corporate,2025-02-01
C00054,Aarav Saxena,Male,30,Mumbai,Maharashtra,Consumer,2024-12-18
C00055,Anaya Joshi,Male,47,Kochi,Kerala,Consumer,2023-09-18
C00056,Aadhya Gupta,Female,23,Pune,Maharashtra,Small Business,2024-08-09
C00057,Ishaan Shah,Female,29,Jaipur,Rajasthan,Corporate,2025-01-26
C00058,Tanya Das,Female,40,Mumbai,Maharashtra,Consumer,2024-06-18
C00059,Reyansh Iyer,Female,32,Pune,Maharashtra,Small Business,2024-06-22
C00060,Arjun Mehta,Female,39,Chennai,Tamil Nadu,Consumer,2023-04-14
C00061,Meera Verma,Female,26,Hyderabad,Telangana,Consumer,2024-04-09
C00062,Riya Iyer,Female,65,Kolkata,West Bengal,Small Business,2024-03-30
C00063,Tanya Nair,Female,20,Jaipur,Rajasthan,Consumer,2023-07-25
C00064,Krishna Chopra,Female,31,Lucknow,Uttar Pradesh,Consumer,2023-02-14
C00065,Karan Joshi,Male,22,Surat,Gujarat,Consumer,2023-12-30
C00066,Karan Saxena,Male,56,Mumbai,Maharashtra,Small Business,2025-03-23
C00067,Kabir Iyer,Male,55,Lucknow,Uttar Pradesh,Corporate,2024-10-27
C00068,Arjun Iyer,Male,64,Jaipur,Rajasthan,Consumer,2025-02-10
C00069,Nisha Agarwal,Female,48,Chandigarh,Chandigarh,Consumer,2024-01-26
C00070,Myra Mehta,Female,34,Kolkata,West Bengal,Consumer,2023-11-27
C00071,Meera Malhotra,Male,36,Kolkata,West Bengal,Consumer,2024-12-14
C00072,Karan Saxena,Male,54,Surat,Gujarat,Consumer,2023-10-23
C00073,Varun Iyer,Male,49,Ahmedabad,Gujarat,Consumer,2024-11-20
C00074,Anika Verma,Male,19,Chennai,Tamil Nadu,Corporate,2023-07-02
C00075,Sara Nair,Male,24,Surat,Gujarat,Consumer,2024-07-13
C00076,Meera Bansal,Male,52,Mumbai,Maharashtra,Small Business,2023-05-04
C00077,Reyansh Iyer,Male,46,Kolkata,West Bengal,Corporate,2025-04-18
C00078,Karan Verma,Male,20,Chennai,Tamil Nadu,Consumer,2023-03-27
C00079,Reyansh Mehta,Male,45,Bengaluru,Karnataka,Consumer,2024-09-03
C00080,Sara Mishra,Male,42,Kochi,Kerala,Consumer,2024-03-18
C00081,Arjun Reddy,Female,23,Bhopal,Madhya Pradesh,Consumer,2024-03-15
C00082,Anika Mishra,Male,27,Kolkata,West Bengal,Consumer,2024-08-27
C00083,Meera Nair,Female,54,Bhopal,Madhya Pradesh,Consumer,2024-04-23
C00084,Kabir Malhotra,Female,22,Bengaluru,Karnataka,Consumer,2025-04-22
C00085,Meera Agarwal,Male,53,Bengaluru,Karnataka,Small Business,2023-11-21
C00086,Nisha Chopra,Female,49,Ahmedabad,Gujarat,Corporate,2025-06-06
C00087,Rahul Das,Male,23,Kolkata,West Bengal,Corporate,2023-04-21
C00088,Aditya Shah,Male,44,Lucknow,Uttar Pradesh,Consumer,2023-01-12
C00089,Meera Iyer,Female,32,Kolkata,West Bengal,Consumer,2023-01-11
C00090,Kabir Joshi,Male,44,Surat,Gujarat,Small Business,2023-04-10
C00091,Vivaan Nair,Male,31,Chandigarh,Chandigarh,Consumer,2024-08-22
C00092,Varun Sharma,Male,47,Chandigarh,Chandigarh,Small Business,2023-03-23
C00093,Rahul Sharma,Female,29,Hyderabad,Telangana,Corporate,2024-12-28
C00094,Reyansh Sharma,Male,61,Surat,Gujarat,Consumer,2023-02-02
C00095,Arjun Verma,Male,47,Bhopal,Madhya Pradesh,Consumer,2023-09-17
C00096,Rahul Singh,Male,64,Delhi,Delhi,Corporate,2025-04-15
C00097,Rahul Saxena,Female,58,Bhopal,Madhya Pradesh,Consumer,2023-04-13
C00098,Aditya Saxena,Male,44,Jaipur,Rajasthan,Small Business,2024-07-21
C00099,Diya Mehta,Female,53,Bhopal,Madhya Pradesh,Consumer,2023-03-31
C00100,Meera Joshi,Male,42,Nagpur,Maharashtra,Consumer,2023-02-19
C00101,Aarav Sharma,Male,60,Hyderabad,Telangana,Consumer,2023-12-01
C00102,Aditya Khan,Other,46,Bengaluru,Karnataka,Corporate,2024-02-17
C00103,Ishaan Chopra,Female,45,Bhopal,Madhya Pradesh,Small Business,2024-05-02
C00104,Kabir Patel,Male,30,Lucknow,Uttar Pradesh,Small Business,2024-08-07
C00105,Arjun Gupta,Female,42,Ahmedabad,Gujarat,Consumer,2023-04-27
C00106,Aditya Das,Female,22,Bengaluru,Karnataka,Consumer,2023-10-02
C00107,Nisha Chopra,Female,48,Kolkata,West Bengal,Consumer,2025-01-26
C00108,Krishna Reddy,Female,62,Lucknow,Uttar Pradesh,Consumer,2023-02-02
C00109,Myra Shah,Male,28,Bengaluru,Karnataka,Consumer,2024-06-14
C00110,Riya Joshi,Male,47,Chandigarh,Chandigarh,Corporate,2023-10-12
C00111,Anaya Joshi,Male,38,Hyderabad,Telangana,Consumer,2025-05-15
C00112,Sara Iyer,Male,24,Indore,Madhya Pradesh,Consumer,2025-04-08
C00113,Meera Joshi,Female,56,Chennai,Tamil Nadu,Corporate,2023-12-12
C00114,Myra Sharma,Female,59,Mumbai,Maharashtra,Consumer,2025-01-27
C00115,Vivaan Kapoor,Female,34,Lucknow,Uttar Pradesh,Consumer,2023-03-01
C00116,Meera Reddy,Male,51,Delhi,Delhi,Consumer,2025-02-09
C00117,Meera Mehta,Female,46,Hyderabad,Telangana,Consumer,2024-03-27
C00118,Varun Verma,Male,38,Nagpur,Maharashtra,Corporate,2023-10-07
C00119,Arjun Mishra,Male,36,Kochi,Kerala,Consumer,2024-08-30
C00120,Krishna Khan,Female,52,Jaipur,Rajasthan,Corporate,2023-05-30
C00121,Karan Das,Male,44,Nagpur,Maharashtra,Small Business,2024-08-08
C00122,Arjun Joshi,Female,33,Ahmedabad,Gujarat,Corporate,2023-03-14
C00123,Aarav Patel,Female,40,Ahmedabad,Gujarat,Consumer,2023-08-08
C00124,Rohan Reddy,Female,27,Delhi,Delhi,Consumer,2023-09-20
C00125,Varun Bansal,Female,41,Indore,Madhya Pradesh,Consumer,2025-01-26
C00126,Rahul Nair,Male,37,Chandigarh,Chandigarh,Corporate,2024-08-26
C00127,Kiara Verma,Male,35,Indore,Madhya Pradesh,Consumer,2025-04-18
C00128,Rahul Malhotra,Male,51,Ahmedabad,Gujarat,Consumer,2025-02-05
C00129,Diya Reddy,Male,46,Chennai,Tamil Nadu,Consumer,2024-06-08
C00130,Myra Iyer,Female,19,Jaipur,Rajasthan,Small Business,2023-12-25
C00131,Anika Chopra,Female,26,Kolkata,West Bengal,Consumer,2023-08-22
C00132,Aarav Chopra,Female,38,Surat,Gujarat,Consumer,2023-10-04
C00133,Ira Sharma,Male,31,Kolkata,West Bengal,Corporate,2024-10-04
C00134,Varun Iyer,Male,65,Lucknow,Uttar Pradesh,Small Business,2024-11-16
C00135,Sara Mishra,Male,64,Chennai,Tamil Nadu,Small Business,2023-03-08
C00136,Aditya Joshi,Female,49,Indore,Madhya Pradesh,Corporate,2024-05-12
C00137,Diya Das,Female,65,Mumbai,Maharashtra,Corporate,2025-05-23
C00138,Meera Chopra,Female,32,Pune,Maharashtra,Corporate,2023-02-06
C00139,Varun Shah,Female,65,Surat,Gujarat,Small Business,2023-08-06
C00140,Aadhya Verma,Female,28,Kochi,Kerala,Corporate,2024-05-14
C00141,Ishaan Reddy,Female,57,Ahmedabad,Gujarat,Consumer,2025-05-07
C00142,Vivaan Agarwal,Male,54,Mumbai,Maharashtra,Corporate,2024-10-03
C00143,Aarav Nair,Male,53,Indore,Madhya Pradesh,Consumer,2025-03-28
C00144,Krishna Gupta,Male,39,Lucknow,Uttar Pradesh,Consumer,2023-01-05
C00145,Ishaan Saxena,Female,19,Jaipur,Rajasthan,Small Business,2024-07-03
C00146,Riya Kapoor,Male,43,Hyderabad,Telangana,Small Business,2023-11-10
C00147,Rohan Kapoor,Female,46,Indore,Madhya Pradesh,Consumer,2024-05-09
C00148,Rohan Nair,Female,50,Hyderabad,Telangana,Corporate,2023-11-04
C00149,Diya Iyer,Female,65,Jaipur,Rajasthan,Consumer,2024-04-25
C00150,Arjun Gupta,Other,59,Lucknow,Uttar Pradesh,Consumer,2024-09-22
C00151,Vivaan Agarwal,Male,61,Ahmedabad,Gujarat,Consumer,2023-04-03
C00152,Anaya Verma,Female,44,Mumbai,Maharashtra,Consumer,2023-01-16
C00153,Varun Chopra,Female,34,Surat,Gujarat,Small Business,2025-05-16
C00154,Nisha Joshi,Female,34,Jaipur,Rajasthan,Consumer,2025-03-18
C00155,Ira Malhotra,Male,61,Surat,Gujarat,Corporate,2023-07-14
C00156,Kiara Chopra,Female,59,Chandigarh,Chandigarh,Consumer,2023-08-06
C00157,Reyansh Mehta,Female,59,Pune,Maharashtra,Consumer,2023-08-14
C00158,Tanya Bansal,Female,59,Kochi,Kerala,Small Business,2024-03-04
C00159,Kiara Saxena,Male,57,Chennai,Tamil Nadu,Corporate,2024-02-28
C00160,Reyansh Mehta,Female,38,Jaipur,Rajasthan,Small Business,2024-08-10
C00161,Nisha Joshi,Female,38,Surat,Gujarat,Small Business,2024-10-27
C00162,Aditya Kapoor,Female,45,Delhi,Delhi,Consumer,2023-02-28
C00163,Ishaan Joshi,Female,33,Kochi,Kerala,Consumer,2024-07-26
C00164,Aadhya Khan,Male,39,Delhi,Delhi,Consumer,2023-07-06
C00165,Myra Agarwal,Female,37,Hyderabad,Telangana,Consumer,2024-01-09
C00166,Rahul Mehta,Male,31,Delhi,Delhi,Consumer,2024-03-16
C00167,Aadhya Patel,Male,55,Jaipur,Rajasthan,Consumer,2023-07-26
C00168,Kabir Bansal,Male,59,Hyderabad,Telangana,Consumer,2024-09-06
C00169,Meera Malhotra,Female,62,Hyderabad,Telangana,Consumer,2025-02-16
C00170,Meera Mehta,Female,33,Bengaluru,Karnataka,Small Business,2023-05-05
C00171,Aditya Sharma,Female,27,Surat,Gujarat,Consumer,2024-09-27
C00172,Kiara Shah,Male,29,Hyderabad,Telangana,Corporate,2024-06-15
C00173,Myra Sharma,Male,58,Chennai,Tamil Nadu,Consumer,2025-03-18
C00174,Nisha Das,Female,29,Bhopal,Madhya Pradesh,Consumer,2025-04-06
C00175,Varun Chopra,Female,65,Surat,Gujarat,Corporate,2023-05-14
C00176,Kabir Joshi,Male,32,Kochi,Kerala,Consumer,2023-07-14
C00177,Anika Malhotra,Female,21,Bhopal,Madhya Pradesh,Consumer,2023-12-12
C00178,Aarav Mishra,Male,58,Bengaluru,Karnataka,Corporate,2024-09-29
C00179,Tanya Malhotra,Male,60,Mumbai,Maharashtra,Consumer,2024-11-29
C00180,Arjun Saxena,Female,56,Indore,Madhya Pradesh,Small Business,2024-04-01
C00181,Ishaan Sharma,Other,18,Surat,Gujarat,Consumer,2023-12-16
C00182,Arjun Bansal,Male,37,Surat,Gujarat,Corporate,2024-04-27
C00183,Reyansh Kapoor,Male,20,Indore,Madhya Pradesh,Consumer,2023-11-06
C00184,Anika Das,Female,20,Bhopal,Madhya Pradesh,Consumer,2024-06-20
C00185,Rahul Nair,Male,30,Bhopal,Madhya Pradesh,Consumer,2024-04-17
C00186,Aadhya Khan,Male,54,Chandigarh,Chandigarh,Corporate,2024-05-25
C00187,Meera Das,Male,38,Bengaluru,Karnataka,Consumer,2023-02-01
C00188,Tanya Agarwal,Female,63,Jaipur,Rajasthan,Small Business,2023-03-26
C00189,Anika Agarwal,Female,50,Bengaluru,Karnataka,Small Business,2023-08-27
C00190,Reyansh Saxena,Male,65,Hyderabad,Telangana,Consumer,2025-04-01
C00191,Anaya Shah,Male,53,Surat,Gujarat,Consumer,2024-01-07
C00192,Sara Verma,Male,43,Indore,Madhya Pradesh,Consumer,2024-12-05
C00193,Diya Gupta,Male,61,Kochi,Kerala,Corporate,2024-03-28
C00194,Aditya Sharma,Male,39,Hyderabad,Telangana,Small Business,2023-01-21
C00195,Varun Agarwal,Male,52,Kochi,Kerala,Consumer,2024-07-17
C00196,Kabir Malhotra,Male,36,Lucknow,Uttar Pradesh,Consumer,2024-01-04
C00197,Ira Reddy,Female,40,Jaipur,Rajasthan,Consumer,2023-11-23
C00198,Aadhya Khan,Female,32,Bengaluru,Karnataka,Consumer,2024-09-08
C00199,Aarav Das,Female,29,Indore,Madhya Pradesh,Corporate,2024-06-09
C00200,Rohan Malhotra,Female,64,Chennai,Tamil Nadu,Consumer,2023-06-17
C00201,Vivaan Shah,Female,30,Ahmedabad,Gujarat,Consumer,2023-03-22
C00202,Varun Singh,Male,60,Chandigarh,Chandigarh,Consumer,2023-04-10
C00203,Arjun Kapoor,Male,54,Pune,Maharashtra,Small Business,2023-04-05
C00204,Varun Chopra,Male,46,Nagpur,Maharashtra,Consumer,2023-03-06
C00205,Karan Malhotra,Female,44,Hyderabad,Telangana,Corporate,2024-10-30
C00206,Kiara Patel,Female,21,Jaipur,Rajasthan,Consumer,2023-08-16
C00207,Aditya Nair,Male,46,Pune,Maharashtra,Consumer,2025-02-02
C00208,Anaya Iyer,Male,19,Kolkata,West Bengal,Consumer,2024-11-26
C00209,Kiara Reddy,Male,23,Kolkata,West Bengal,Consumer,2023-12-13
C00210,Ishaan Mehta,Female,49,Bhopal,Madhya Pradesh,Consumer,2024-01-08
C00211,Reyansh Singh,Male,52,Surat,Gujarat,Small Business,2024-11-03
C00212,Anaya Joshi,Female,33,Jaipur,Rajasthan,Consumer,2023-08-09
C00213,Aarav Reddy,Male,60,Mumbai,Maharashtra,Consumer,2023-09-11
C00214,Myra Shah,Male,57,Jaipur,Rajasthan,Consumer,2024-01-27
C00215,Anaya Gupta,Male,63,Bengaluru,Karnataka,Small Business,2023-05-13
C00216,Arjun Agarwal,Female,25,Jaipur,Rajasthan,Consumer,2023-08-16
C00217,Aadhya Gupta,Female,62,Bengaluru,Karnataka,Consumer,2023-03-06
C00218,Myra Das,Male,49,Kolkata,West Bengal,Small Business,2023-06-18
C00219,Arjun Iyer,Female,53,Bhopal,Madhya Pradesh,Consumer,2025-01-15
C00220,Karan Saxena,Female,62,Pune,Maharashtra,Corporate,2023-11-05
C00221,Anika Chopra,Male,54,Delhi,Delhi,Consumer,2023-07-09
C00222,Karan Joshi,Male,54,Ahmedabad,Gujarat,Small Business,2023-01-03
C00223,Ishaan Kapoor,Female,20,Surat,Gujarat,Consumer,2024-01-26
C00224,Arjun Khan,Female,25,Chandigarh,Chandigarh,Consumer,2025-04-09
C00225,Aadhya Mishra,Male,40,Indore,Madhya Pradesh,Consumer,2023-03-07
C00226,Myra Chopra,Female,44,Nagpur,Maharashtra,Corporate,2023-06-09
C00227,Varun Iyer,Female,19,Lucknow,Uttar Pradesh,Small Business,2024-11-02
C00228,Meera Kapoor,Male,54,Nagpur,Maharashtra,Consumer,2024-08-16
C00229,Anaya Reddy,Male,35,Indore,Madhya Pradesh,Consumer,2025-03-15
C00230,Ira Gupta,Male,52,Indore,Madhya Pradesh,Consumer,2025-03-27
C00231,Reyansh Chopra,Female,34,Kolkata,West Bengal,Consumer,2023-08-21
C00232,Arjun Iyer,Male,24,Mumbai,Maharashtra,Corporate,2024-08-12
C00233,Kabir Sharma,Female,33,Surat,Gujarat,Corporate,2025-04-25
C00234,Rahul Khan,Male,26,Hyderabad,Telangana,Consumer,2023-04-27
C00235,Nisha Gupta,Male,31,Chennai,Tamil Nadu,Small Business,2024-10-29
C00236,Reyansh Das,Male,54,Jaipur,Rajasthan,Consumer,2025-05-07
C00237,Meera Kapoor,Female,48,Chennai,Tamil Nadu,Small Business,2024-04-12
C00238,Aadhya Patel,Female,43,Chandigarh,Chandigarh,Small Business,2023-12-27
C00239,Varun Chopra,Male,39,Pune,Maharashtra,Small Business,2023-10-23
C00240,Kabir Nair,Male,39,Jaipur,Rajasthan,Consumer,2024-07-22
C00241,Tanya Singh,Male,61,Kolkata,West Bengal,Corporate,2025-04-22
C00242,Varun Sharma,Male,29,Indore,Madhya Pradesh,Consumer,2024-11-17
C00243,Anika Shah,Male,29,Indore,Madhya Pradesh,Consumer,2023-10-02
C00244,Ishaan Shah,Female,31,Lucknow,Uttar Pradesh,Corporate,2023-07-16
C00245,Ishaan Nair,Female,26,Lucknow,Uttar Pradesh,Consumer,2024-02-14
C00246,Tanya Gupta,Female,51,Bhopal,Madhya Pradesh,Consumer,2024-11-27
C00247,Aditya Agarwal,Female,65,Ahmedabad,Gujarat,Consumer,2023-01-24
C00248,Diya Patel,Male,31,Lucknow,Uttar Pradesh,Consumer,2025-06-01
C00249,Karan Gupta,Female,55,Lucknow,Uttar Pradesh,Small Business,2023-07-21
C00250,Anika Shah,Male,45,Mumbai,Maharashtra,Consumer,2023-06-08
C00251,Sara Bansal,Male,42,Hyderabad,Telangana,Corporate,2023-01-02
C00252,Varun Sharma,Male,23,Nagpur,Maharashtra,Corporate,2023-03-27
C00253,Aditya Das,Female,33,Pune,Maharashtra,Consumer,2023-07-08
C00254,Vivaan Agarwal,Female,33,Chandigarh,Chandigarh,Corporate,2024-12-09
C00255,Rohan Iyer,Female,37,Surat,Gujarat,Corporate,2024-10-05
C00256,Tanya Mehta,Male,30,Ahmedabad,Gujarat,Small Business,2023-05-10
C00257,Rohan Verma,Male,25,Pune,Maharashtra,Consumer,2024-04-04
C00258,Vivaan Singh,Female,58,Delhi,Delhi,Consumer,2024-11-28
C00259,Anaya Saxena,Female,57,Indore,Madhya Pradesh,Consumer,2023-02-28
C00260,Rahul Kapoor,Male,39,Bhopal,Madhya Pradesh,Consumer,2025-01-07
C00261,Diya Agarwal,Female,53,Jaipur,Rajasthan,Corporate,2023-07-01
C00262,Sara Joshi,Female,32,Kochi,Kerala,Consumer,2023-11-28
C00263,Anika Singh,Female,54,Chandigarh,Chandigarh,Consumer,2023-10-31
C00264,Reyansh Mehta,Male,20,Bengaluru,Karnataka,Small Business,2023-12-25
C00265,Rahul Gupta,Female,49,Nagpur,Maharashtra,Consumer,2023-06-15
C00266,Rohan Das,Male,39,Nagpur,Maharashtra,Consumer,2023-06-23
C00267,Myra Saxena,Male,31,Nagpur,Maharashtra,Consumer,2024-11-02
C00268,Ira Agarwal,Male,40,Bhopal,Madhya Pradesh,Consumer,2023-01-24
C00269,Karan Chopra,Female,41,Pune,Maharashtra,Consumer,2023-08-21
C00270,Nisha Gupta,Male,25,Bhopal,Madhya Pradesh,Consumer,2023-12-13
C00271,Arjun Joshi,Male,33,Bengaluru,Karnataka,Corporate,2025-01-29
C00272,Vivaan Agarwal,Female,46,Delhi,Delhi,Corporate,2025-03-16
C00273,Nisha Mehta,Female,60,Bhopal,Madhya Pradesh,Consumer,2025-01-26
C00274,Karan Shah,Female,40,Delhi,Delhi,Consumer,2024-06-11
C00275,Kabir Saxena,Female,28,Delhi,Delhi,Consumer,2023-04-05
C00276,Diya Joshi,Female,49,Bengaluru,Karnataka,Consumer,2025-02-13
C00277,Anaya Agarwal,Female,20,Hyderabad,Telangana,Consumer,2025-04-16
C00278,Kiara Patel,Male,19,Hyderabad,Telangana,Consumer,2025-04-16
C00279,Nisha Gupta,Male,23,Delhi,Delhi,Consumer,2023-06-29
C00280,Rahul Das,Male,51,Kochi,Kerala,Small Business,2024-04-18
C00281,Diya Sharma,Female,37,Hyderabad,Telangana,Small Business,2023-03-19
C00282,Ira Reddy,Female,56,Kochi,Kerala,Consumer,2025-05-30
C00283,Sara Shah,Female,64,Chennai,Tamil Nadu,Consumer,2024-12-16
C00284,Kiara Shah,Female,28,Bengaluru,Karnataka,Consumer,2023-06-23
C00285,Tanya Nair,Female,46,Delhi,Delhi,Consumer,2024-01-31
C00286,Diya Iyer,Male,56,Chandigarh,Chandigarh,Consumer,2025-04-19
C00287,Nisha Malhotra,Male,39,Chennai,Tamil Nadu,Consumer,2023-09-20
C00288,Anika Agarwal,Female,64,Jaipur,Rajasthan,Consumer,2023-11-08
C00289,Sara Verma,Male,25,Chennai,Tamil Nadu,Consumer,2025-02-15
C00290,Krishna Khan,Male,43,Lucknow,Uttar Pradesh,Corporate,2023-08-20
C00291,Varun Reddy,Male,46,Bengaluru,Karnataka,Consumer,2024-08-13
C00292,Karan Iyer,Male,62,Kolkata,West Bengal,Consumer,2024-06-05
C00293,Kiara Sharma,Male,50,Surat,Gujarat,Consumer,2023-10-30
C00294,Meera Mehta,Male,27,Bhopal,Madhya Pradesh,Consumer,2024-02-24
C00295,Ira Khan,Male,33,Surat,Gujarat,Consumer,2025-02-04
C00296,Ira Verma,Female,38,Chennai,Tamil Nadu,Consumer,2024-11-28
C00297,Krishna Joshi,Other,64,Hyderabad,Telangana,Small Business,2025-02-05
C00298,Reyansh Reddy,Male,45,Lucknow,Uttar Pradesh,Consumer,2023-12-04
C00299,Aadhya Iyer,Male,41,Jaipur,Rajasthan,Small Business,2024-10-18
C00300,Kiara Reddy,Female,24,Kolkata,West Bengal,Consumer,2024-01-11
C00301,Rohan Khan,Female,58,Hyderabad,Telangana,Consumer,2024-10-19
C00302,Rahul Verma,Male,42,Delhi,Delhi,Corporate,2024-02-22
C00303,Ira Mehta,Female,50,Chandigarh,Chandigarh,Consumer,2023-05-03
C00304,Aarav Bansal,Male,62,Ahmedabad,Gujarat,Consumer,2023-07-12
C00305,Ira Mehta,Female,34,Ahmedabad,Gujarat,Small Business,2023-06-28
C00306,Aadhya Singh,Other,29,Kochi,Kerala,Corporate,2023-03-14
C00307,Varun Nair,Female,48,Surat,Gujarat,Consumer,2023-11-24
C00308,Aarav Singh,Other,40,Jaipur,Rajasthan,Consumer,2025-05-12
C00309,Reyansh Mishra,Male,32,Jaipur,Rajasthan,Consumer,2023-10-07
C00310,Karan Khan,Female,31,Bhopal,Madhya Pradesh,Corporate,2023-02-23
C00311,Karan Mehta,Male,43,Indore,Madhya Pradesh,Consumer,2024-09-29
C00312,Aadhya Khan,Female,26,Ahmedabad,Gujarat,Consumer,2025-05-21
C00313,Nisha Mehta,Other,31,Jaipur,Rajasthan,Consumer,2024-08-29
C00314,Rahul Gupta,Male,24,Indore,Madhya Pradesh,Corporate,2025-05-28
C00315,Anaya Reddy,Male,24,Chandigarh,Chandigarh,Consumer,2023-12-16
C00316,Ira Das,Other,39,Surat,Gujarat,Consumer,2024-09-26
C00317,Diya Shah,Female,36,Bhopal,Madhya Pradesh,Consumer,2023-04-13
C00318,Aditya Mishra,Male,52,Mumbai,Maharashtra,Small Business,2024-02-06
C00319,Rahul Chopra,Female,19,Mumbai,Maharashtra,Consumer,2023-09-12
C00320,Varun Iyer,Male,49,Hyderabad,Telangana,Small Business,2025-04-22
C00321,Aarav Singh,Female,20,Lucknow,Uttar Pradesh,Consumer,2023-05-14
C00322,Reyansh Gupta,Male,30,Lucknow,Uttar Pradesh,Corporate,2024-04-28
C00323,Tanya Singh,Male,56,Jaipur,Rajasthan,Small Business,2024-07-16
C00324,Karan Gupta,Female,40,Pune,Maharashtra,Consumer,2023-07-23
C00325,Kiara Reddy,Male,36,Bhopal,Madhya Pradesh,Consumer,2024-01-16
C00326,Reyansh Chopra,Male,26,Pune,Maharashtra,Consumer,2024-08-28
C00327,Tanya Singh,Female,52,Kochi,Kerala,Small Business,2024-11-17
C00328,Reyansh Iyer,Male,43,Mumbai,Maharashtra,Consumer,2024-04-12
C00329,Karan Patel,Male,65,Chennai,Tamil Nadu,Consumer,2025-04-09
C00330,Diya Das,Male,29,Mumbai,Maharashtra,Corporate,2023-07-25
C00331,Kiara Verma,Female,65,Lucknow,Uttar Pradesh,Small Business,2023-09-12
C00332,Myra Mishra,Male,52,Delhi,Delhi,Corporate,2024-08-06
C00333,Rohan Patel,Male,48,Ahmedabad,Gujarat,Corporate,2023-09-29
C00334,Anaya Patel,Male,62,Chandigarh,Chandigarh,Consumer,2025-05-14
C00335,Kiara Patel,Male,56,Chandigarh,Chandigarh,Corporate,2024-03-16
C00336,Myra Joshi,Male,34,Hyderabad,Telangana,Consumer,2023-04-29
C00337,Anaya Chopra,Male,53,Mumbai,Maharashtra,Consumer,2024-05-21
C00338,Aditya Verma,Female,31,Nagpur,Maharashtra,Consumer,2023-06-27
C00339,Kabir Joshi,Male,60,Hyderabad,Telangana,Corporate,2025-01-22
C00340,Reyansh Khan,Male,56,Pune,Maharashtra,Consumer,2023-05-13
C00341,Krishna Malhotra,Male,24,Kolkata,West Bengal,Corporate,2023-05-15
C00342,Vivaan Patel,Male,45,Ahmedabad,Gujarat,Corporate,2024-11-04
C00343,Reyansh Patel,Female,57,Ahmedabad,Gujarat,Consumer,2023-06-13
C00344,Reyansh Singh,Female,52,Ahmedabad,Gujarat,Corporate,2023-08-05
C00345,Reyansh Malhotra,Female,31,Bengaluru,Karnataka,Consumer,2024-09-22
C00346,Kabir Nair,Female,43,Pune,Maharashtra,Small Business,2024-11-17
C00347,Anaya Shah,Male,48,Chandigarh,Chandigarh,Small Business,2024-02-29
C00348,Kiara Patel,Male,42,Surat,Gujarat,Consumer,2024-12-13
C00349,Nisha Verma,Male,18,Indore,Madhya Pradesh,Consumer,2024-03-18
C00350,Aadhya Shah,Male,48,Lucknow,Uttar Pradesh,Consumer,2025-01-22
C00351,Meera Singh,Male,56,Hyderabad,Telangana,Small Business,2024-08-24
C00352,Rahul Gupta,Female,24,Surat,Gujarat,Consumer,2023-12-28
C00353,Tanya Chopra,Female,63,Chandigarh,Chandigarh,Consumer,2024-07-07
C00354,Kabir Singh,Female,53,Bengaluru,Karnataka,Small Business,2023-02-22
C00355,Nisha Patel,Male,58,Delhi,Delhi,Consumer,2024-10-27
C00356,Reyansh Singh,Female,62,Kochi,Kerala,Consumer,2025-04-01
C00357,Kabir Saxena,Female,57,Nagpur,Maharashtra,Consumer,2023-11-04
C00358,Varun Bansal,Female,65,Chennai,Tamil Nadu,Consumer,2024-01-25
C00359,Nisha Khan,Female,55,Lucknow,Uttar Pradesh,Corporate,2025-01-26
C00360,Krishna Saxena,Male,35,Delhi,Delhi,Consumer,2025-06-13
C00361,Krishna Singh,Male,42,Surat,Gujarat,Consumer,2023-05-07
C00362,Aadhya Malhotra,Female,29,Indore,Madhya Pradesh,Consumer,2023-06-19
C00363,Ira Patel,Male,41,Kolkata,West Bengal,Corporate,2024-10-26
C00364,Riya Gupta,Female,49,Nagpur,Maharashtra,Small Business,2023-12-30
C00365,Vivaan Singh,Male,53,Nagpur,Maharashtra,Consumer,2024-01-08
C00366,Myra Gupta,Female,37,Hyderabad,Telangana,Consumer,2024-02-22
C00367,Reyansh Khan,Male,61,Hyderabad,Telangana,Consumer,2024-06-25
C00368,Ishaan Gupta,Female,19,Chennai,Tamil Nadu,Consumer,2025-04-29
C00369,Karan Singh,Female,58,Kolkata,West Bengal,Consumer,2023-03-18
C00370,Arjun Khan,Male,25,Chandigarh,Chandigarh,Small Business,2023-07-09
C00371,Kiara Nair,Female,58,Hyderabad,Telangana,Consumer,2025-02-11
C00372,Rahul Joshi,Male,43,Chennai,Tamil Nadu,Consumer,2024-11-14
C00373,Aditya Khan,Male,63,Bengaluru,Karnataka,Consumer,2023-02-21
C00374,Rohan Mehta,Male,20,Jaipur,Rajasthan,Corporate,2025-01-08
C00375,Kiara Kapoor,Female,23,Kolkata,West Bengal,Consumer,2024-08-28
C00376,Sara Joshi,Female,57,Lucknow,Uttar Pradesh,Small Business,2024-12-09
C00377,Tanya Singh,Male,53,Kochi,Kerala,Consumer,2024-12-18
C00378,Reyansh Malhotra,Other,18,Kochi,Kerala,Small Business,2024-10-11
C00379,Arjun Das,Male,34,Kolkata,West Bengal,Consumer,2023-03-05
C00380,Varun Singh,Female,47,Mumbai,Maharashtra,Consumer,2025-02-26
C00381,Sara Khan,Other,36,Lucknow,Uttar Pradesh,Small Business,2024-12-02
C00382,Kabir Singh,Female,29,Kochi,Kerala,Corporate,2024-06-29
C00383,Karan Iyer,Female,19,Nagpur,Maharashtra,Corporate,2023-10-16
C00384,Ira Chopra,Female,39,Ahmedabad,Gujarat,Small Business,2023-11-10
C00385,Nisha Sharma,Male,37,Bhopal,Madhya Pradesh,Consumer,2023-11-20
C00386,Meera Joshi,Male,28,Chennai,Tamil Nadu,Small Business,2024-11-02
C00387,Kabir Singh,Male,43,Jaipur,Rajasthan,Consumer,2024-12-16
C00388,Krishna Patel,Male,39,Delhi,Delhi,Corporate,2024-10-01
C00389,Anaya Mishra,Male,43,Surat,Gujarat,Consumer,2023-02-25
C00390,Anika Malhotra,Male,58,Hyderabad,Telangana,Consumer,2024-12-31
C00391,Varun Bansal,Other,24,Bengaluru,Karnataka,Small Business,2024-09-02
C00392,Karan Iyer,Female,31,Pune,Maharashtra,Consumer,2023-07-10
C00393,Reyansh Gupta,Other,21,Kolkata,West Bengal,Consumer,2023-01-28
C00394,Arjun Joshi,Male,22,Bhopal,Madhya Pradesh,Corporate,2024-11-27
C00395,Aadhya Nair,Male,48,Chennai,Tamil Nadu,Corporate,2024-01-09
C00396,Diya Mishra,Female,21,Pune,Maharashtra,Corporate,2023-06-02
C00397,Nisha Kapoor,Female,25,Kolkata,West Bengal,Corporate,2024-09-12
C00398,Kabir Das,Male,60,Chandigarh,Chandigarh,Corporate,2023-03-11
C00399,Reyansh Malhotra,Male,28,Kochi,Kerala,Small Business,2023-04-11
C00400,Kabir Das,Female,34,Lucknow,Uttar Pradesh,Corporate,2024-05-13
C00401,Diya Chopra,Female,47,Bengaluru,Karnataka,Corporate,2024-07-09
C00402,Riya Bansal,Female,54,Chandigarh,Chandigarh,Consumer,2024-02-07
C00403,Diya Verma,Female,28,Nagpur,Maharashtra,Corporate,2024-11-24
C00404,Krishna Iyer,Male,19,Bhopal,Madhya Pradesh,Consumer,2024-11-15
C00405,Sara Shah,Male,47,Mumbai,Maharashtra,Consumer,2025-05-13
C00406,Sara Chopra,Male,23,Lucknow,Uttar Pradesh,Consumer,2023-03-06
C00407,Riya Shah,Male,62,Jaipur,Rajasthan,Consumer,2025-05-21
C00408,Varun Joshi,Female,38,Ahmedabad,Gujarat,Consumer,2023-07-15
C00409,Kiara Sharma,Male,38,Chandigarh,Chandigarh,Corporate,2024-09-30
C00410,Aarav Singh,Female,23,Lucknow,Uttar Pradesh,Consumer,2025-04-26
C00411,Aadhya Chopra,Male,33,Hyderabad,Telangana,Consumer,2023-09-18
C00412,Nisha Mehta,Male,63,Hyderabad,Telangana,Corporate,2024-03-26
C00413,Myra Iyer,Female,65,Pune,Maharashtra,Consumer,2023-11-11
C00414,Ishaan Saxena,Male,54,Chennai,Tamil Nadu,Small Business,2025-06-13
C00415,Aditya Joshi,Male,48,Pune,Maharashtra,Small Business,2023-10-18
C00416,Reyansh Agarwal,Male,28,Jaipur,Rajasthan,Consumer,2023-09-30
C00417,Krishna Das,Male,65,Ahmedabad,Gujarat,Corporate,2025-05-14
C00418,Ishaan Sharma,Male,21,Pune,Maharashtra,Consumer,2024-05-19
C00419,Ira Chopra,Male,37,Kolkata,West Bengal,Consumer,2024-01-17
C00420,Kabir Joshi,Female,43,Bengaluru,Karnataka,Consumer,2025-02-04
C00421,Vivaan Singh,Male,54,Mumbai,Maharashtra,Consumer,2025-05-28
C00422,Kabir Gupta,Male,60,Bengaluru,Karnataka,Consumer,2023-09-05
C00423,Aarav Verma,Female,45,Surat,Gujarat,Corporate,2023-04-03
C00424,Arjun Joshi,Female,50,Lucknow,Uttar Pradesh,Consumer,2024-02-03
C00425,Diya Iyer,Female,60,Chandigarh,Chandigarh,Consumer,2024-06-18
C00426,Rohan Malhotra,Female,61,Jaipur,Rajasthan,Corporate,2023-07-02
C00427,Arjun Mishra,Male,46,Hyderabad,Telangana,Consumer,2024-05-18
C00428,Kabir Reddy,Female,53,Ahmedabad,Gujarat,Consumer,2023-07-21
C00429,Aditya Agarwal,Female,52,Ahmedabad,Gujarat,Consumer,2024-05-04
C00430,Anika Singh,Male,43,Lucknow,Uttar Pradesh,Corporate,2024-12-30
C00431,Vivaan Gupta,Male,40,Bhopal,Madhya Pradesh,Consumer,2023-06-10
C00432,Vivaan Nair,Female,25,Hyderabad,Telangana,Consumer,2024-01-08
C00433,Arjun Iyer,Female,62,Lucknow,Uttar Pradesh,Small Business,2024-04-24
C00434,Aarav Malhotra,Male,42,Surat,Gujarat,Corporate,2023-01-11
C00435,Meera Das,Other,61,Hyderabad,Telangana,Consumer,2024-12-11
C00436,Vivaan Verma,Male,63,Bhopal,Madhya Pradesh,Consumer,2024-07-07
C00437,Anika Bansal,Male,25,Jaipur,Rajasthan,Consumer,2024-09-24
C00438,Meera Mehta,Male,52,Bhopal,Madhya Pradesh,Consumer,2024-04-03
C00439,Karan Das,Female,53,Bengaluru,Karnataka,Consumer,2023-12-06
C00440,Krishna Mishra,Male,43,Ahmedabad,Gujarat,Consumer,2024-10-22
C00441,Karan Nair,Male,36,Chandigarh,Chandigarh,Consumer,2024-06-14
C00442,Kiara Shah,Female,22,Surat,Gujarat,Small Business,2024-09-15
C00443,Ira Mehta,Male,22,Ahmedabad,Gujarat,Consumer,2023-10-07
C00444,Vivaan Patel,Male,24,Ahmedabad,Gujarat,Consumer,2023-09-14
C00445,Aarav Iyer,Male,42,Indore,Madhya Pradesh,Consumer,2024-12-21
C00446,Karan Kapoor,Female,34,Chandigarh,Chandigarh,Consumer,2025-03-07
C00447,Ishaan Gupta,Male,25,Chennai,Tamil Nadu,Consumer,2024-05-03
C00448,Ishaan Shah,Female,51,Bengaluru,Karnataka,Consumer,2024-01-08
C00449,Ishaan Kapoor,Male,19,Kolkata,West Bengal,Consumer,2023-10-23
C00450,Anika Khan,Female,39,Mumbai,Maharashtra,Consumer,2023-08-12
C00451,Kabir Agarwal,Female,56,Kochi,Kerala,Consumer,2023-07-04
C00452,Kiara Gupta,Male,54,Delhi,Delhi,Consumer,2023-11-07
C00453,Meera Gupta,Male,55,Mumbai,Maharashtra,Consumer,2025-05-31
C00454,Kiara Singh,Female,54,Kochi,Kerala,Corporate,2024-12-09
C00455,Ishaan Reddy,Female,65,Nagpur,Maharashtra,Consumer,2025-05-13
C00456,Ira Joshi,Female,22,Bengaluru,Karnataka,Consumer,2025-06-07
C00457,Vivaan Shah,Female,58,Mumbai,Maharashtra,Consumer,2023-05-17
C00458,Varun Kapoor,Female,27,Ahmedabad,Gujarat,Small Business,2023-02-16
C00459,Varun Kapoor,Female,42,Kochi,Kerala,Consumer,2023-01-08
C00460,Karan Mishra,Other,64,Jaipur,Rajasthan,Consumer,2023-08-21
C00461,Meera Nair,Female,39,Bengaluru,Karnataka,Small Business,2025-02-15
C00462,Aadhya Malhotra,Other,28,Jaipur,Rajasthan,Consumer,2023-06-17
C00463,Reyansh Sharma,Female,36,Kolkata,West Bengal,Corporate,2024-02-21
C00464,Reyansh Joshi,Female,42,Chandigarh,Chandigarh,Consumer,2023-11-16
C00465,Kabir Mishra,Female,40,Ahmedabad,Gujarat,Small Business,2023-02-20
C00466,Ira Kapoor,Male,38,Hyderabad,Telangana,Consumer,2023-11-05
C00467,Ira Shah,Female,23,Jaipur,Rajasthan,Corporate,2023-11-06
C00468,Arjun Kapoor,Male,28,Kochi,Kerala,Corporate,2024-06-29
C00469,Aadhya Mishra,Female,65,Chandigarh,Chandigarh,Consumer,2023-04-11
C00470,Sara Iyer,Female,39,Jaipur,Rajasthan,Consumer,2024-07-05
C00471,Vivaan Reddy,Female,30,Lucknow,Uttar Pradesh,Consumer,2024-11-14
C00472,Krishna Malhotra,Female,34,Chennai,Tamil Nadu,Consumer,2023-09-09
C00473,Rohan Agarwal,Female,36,Kolkata,West Bengal,Consumer,2023-10-22
C00474,Aditya Chopra,Female,31,Delhi,Delhi,Small Business,2024-11-11
C00475,Anaya Reddy,Male,42,Delhi,Delhi,Consumer,2023-01-30
C00476,Nisha Verma,Male,40,Kochi,Kerala,Consumer,2025-03-16
C00477,Aditya Khan,Female,56,Indore,Madhya Pradesh,Small Business,2024-03-19
C00478,Aditya Reddy,Male,19,Nagpur,Maharashtra,Corporate,2023-03-25
C00479,Arjun Sharma,Male,54,Chandigarh,Chandigarh,Consumer,2024-04-12
C00480,Rahul Malhotra,Female,64,Mumbai,Maharashtra,Consumer,2024-01-08
C00481,Anika Patel,Female,30,Ahmedabad,Gujarat,Consumer,2023-02-13
C00482,Rohan Mehta,Male,62,Chennai,Tamil Nadu,Consumer,2024-01-19
C00483,Meera Joshi,Female,38,Delhi,Delhi,Consumer,2023-02-14
C00484,Arjun Khan,Male,44,Pune,Maharashtra,Corporate,2024-01-08
C00485,Varun Kapoor,Male,64,Chandigarh,Chandigarh,Small Business,2024-06-04
C00486,Rahul Mehta,Male,44,Bengaluru,Karnataka,Corporate,2023-06-02
C00487,Kabir Bansal,Male,30,Pune,Maharashtra,Consumer,2023-11-14
C00488,Ira Agarwal,Female,34,Indore,Madhya Pradesh,Corporate,2024-06-22
C00489,Aarav Verma,Female,42,Jaipur,Rajasthan,Corporate,2023-12-08
C00490,Aditya Agarwal,Male,30,Surat,Gujarat,Consumer,2023-06-17
C00491,Aditya Bansal,Female,52,Pune,Maharashtra,Consumer,2024-10-03
C00492,Aditya Mishra,Female,33,Nagpur,Maharashtra,Consumer,2025-02-24
C00493,Nisha Reddy,Female,22,Surat,Gujarat,Small Business,2024-08-12
C00494,Karan Malhotra,Female,50,Pune,Maharashtra,Consumer,2024-02-12
C00495,Kabir Mehta,Female,61,Jaipur,Rajasthan,Corporate,2024-07-05
C00496,Vivaan Bansal,Male,22,Delhi,Delhi,Corporate,2023-11-02
C00497,Diya Verma,Male,63,Kochi,Kerala,Small Business,2024-03-15
C00498,Arjun Nair,Female,59,Pune,Maharashtra,Consumer,2024-04-28
C00499,Rahul Verma,Female,35,Ahmedabad,Gujarat,Consumer,2023-06-19
C00500,Reyansh Saxena,Male,33,Chennai,Tamil Nadu,Consumer,2023-12-16
C00501,Riya Joshi,Female,55,Nagpur,Maharashtra,Consumer,2023-08-28
C00502,Varun Kapoor,Male,61,Jaipur,Rajasthan,Consumer,2024-12-15
C00503,Meera Patel,Other,51,Nagpur,Maharashtra,Consumer,2023-01-17
C00504,Aditya Patel,Female,51,Jaipur,Rajasthan,Consumer,2024-11-07
C00505,Vivaan Mishra,Male,59,Bhopal,Madhya Pradesh,Consumer,2024-02-06
C00506,Nisha Bansal,Male,20,Bhopal,Madhya Pradesh,Consumer,2023-02-02
C00507,Meera Singh,Male,59,Bengaluru,Karnataka,Consumer,2023-01-19
C00508,Reyansh Nair,Male,32,Pune,Maharashtra,Consumer,2023-07-03
C00509,Myra Nair,Female,54,Indore,Madhya Pradesh,Consumer,2023-06-24
C00510,Varun Mehta,Male,28,Indore,Madhya Pradesh,Consumer,2023-10-04
C00511,Riya Sharma,Female,52,Mumbai,Maharashtra,Consumer,2025-05-09
C00512,Meera Das,Male,28,Nagpur,Maharashtra,Consumer,2024-02-29
C00513,Rahul Patel,Male,33,Mumbai,Maharashtra,Consumer,2023-09-21
C00514,Kiara Chopra,Other,57,Surat,Gujarat,Consumer,2023-03-12
C00515,Aarav Mehta,Female,34,Kochi,Kerala,Consumer,2023-04-02
C00516,Nisha Iyer,Male,58,Ahmedabad,Gujarat,Consumer,2023-01-30
C00517,Aarav Patel,Female,21,Indore,Madhya Pradesh,Small Business,2023-10-26
C00518,Krishna Gupta,Male,38,Hyderabad,Telangana,Consumer,2024-03-24
C00519,Arjun Agarwal,Female,57,Pune,Maharashtra,Consumer,2023-03-28
C00520,Riya Singh,Female,44,Bhopal,Madhya Pradesh,Consumer,2024-05-25
C00521,Kabir Mehta,Male,21,Indore,Madhya Pradesh,Consumer,2023-01-08
C00522,Meera Sharma,Male,51,Mumbai,Maharashtra,Consumer,2025-01-21
C00523,Kabir Sharma,Male,20,Surat,Gujarat,Consumer,2024-02-28
C00524,Ira Khan,Male,60,Kolkata,West Bengal,Consumer,2024-03-16
C00525,Rohan Das,Male,25,Kolkata,West Bengal,Consumer,2023-09-19
C00526,Myra Verma,Male,62,Surat,Gujarat,Consumer,2024-09-08
C00527,Tanya Patel,Male,35,Delhi,Delhi,Consumer,2024-01-21
C00528,Kabir Saxena,Female,59,Chennai,Tamil Nadu,Consumer,2023-11-25
C00529,Tanya Nair,Female,46,Hyderabad,Telangana,Corporate,2025-05-20
C00530,Rahul Verma,Female,45,Hyderabad,Telangana,Consumer,2023-01-08
C00531,Kabir Khan,Female,65,Bengaluru,Karnataka,Corporate,2023-04-06
C00532,Vivaan Iyer,Male,58,Lucknow,Uttar Pradesh,Consumer,2023-11-20
C00533,Kabir Bansal,Female,65,Hyderabad,Telangana,Consumer,2024-03-29
C00534,Aditya Agarwal,Male,28,Jaipur,Rajasthan,Corporate,2024-12-14
C00535,Myra Nair,Female,56,Kolkata,West Bengal,Consumer,2024-11-02
C00536,Kabir Nair,Male,43,Pune,Maharashtra,Small Business,2024-09-05
C00537,Myra Patel,Male,43,Hyderabad,Telangana,Consumer,2023-12-17
C00538,Krishna Das,Female,58,Jaipur,Rajasthan,Consumer,2025-04-18
C00539,Aditya Mehta,Female,54,Kochi,Kerala,Small Business,2025-04-15
C00540,Meera Gupta,Male,58,Mumbai,Maharashtra,Corporate,2024-07-22
C00541,Vivaan Iyer,Male,52,Surat,Gujarat,Consumer,2025-04-09
C00542,Riya Mehta,Male,27,Nagpur,Maharashtra,Consumer,2024-08-20
C00543,Riya Khan,Female,65,Kolkata,West Bengal,Consumer,2024-09-13
C00544,Sara Malhotra,Male,20,Ahmedabad,Gujarat,Consumer,2023-02-14
C00545,Rahul Bansal,Male,46,Kochi,Kerala,Corporate,2023-06-20
C00546,Anika Kapoor,Male,63,Kochi,Kerala,Consumer,2024-04-28
C00547,Nisha Gupta,Male,31,Mumbai,Maharashtra,Small Business,2024-05-14
C00548,Riya Malhotra,Male,26,Mumbai,Maharashtra,Corporate,2023-07-19
C00549,Rohan Iyer,Male,46,Kolkata,West Bengal,Consumer,2024-10-16
C00550,Diya Iyer,Male,35,Bhopal,Madhya Pradesh,Consumer,2024-04-12
C00551,Kabir Verma,Female,24,Kochi,Kerala,Consumer,2025-04-06
C00552,Karan Agarwal,Female,63,Jaipur,Rajasthan,Consumer,2023-04-06
C00553,Aarav Iyer,Male,36,Bhopal,Madhya Pradesh,Corporate,2024-05-31
C00554,Aditya Reddy,Male,26,Lucknow,Uttar Pradesh,Consumer,2023-12-28
C00555,Varun Reddy,Male,60,Surat,Gujarat,Consumer,2024-08-01
C00556,Krishna Mishra,Male,27,Bhopal,Madhya Pradesh,Corporate,2023-01-31
C00557,Nisha Das,Female,57,Ahmedabad,Gujarat,Consumer,2024-06-23
C00558,Karan Saxena,Male,55,Surat,Gujarat,Consumer,2024-08-01
C00559,Riya Patel,Female,23,Bhopal,Madhya Pradesh,Consumer,2023-10-13
C00560,Rahul Agarwal,Female,61,Bengaluru,Karnataka,Consumer,2024-05-08
C00561,Anaya Mehta,Female,45,Kolkata,West Bengal,Corporate,2023-09-20
C00562,Rohan Patel,Male,20,Bengaluru,Karnataka,Corporate,2025-03-23
C00563,Ishaan Chopra,Male,47,Jaipur,Rajasthan,Corporate,2024-04-18
C00564,Aarav Sharma,Male,26,Nagpur,Maharashtra,Consumer,2024-12-04
C00565,Kabir Sharma,Male,42,Kochi,Kerala,Consumer,2024-04-12
C00566,Anaya Iyer,Male,60,Hyderabad,Telangana,Small Business,2023-12-04
C00567,Diya Mehta,Female,33,Lucknow,Uttar Pradesh,Consumer,2023-08-07
C00568,Myra Gupta,Male,33,Chandigarh,Chandigarh,Corporate,2023-09-14
C00569,Varun Sharma,Female,30,Hyderabad,Telangana,Consumer,2025-01-04
C00570,Kiara Chopra,Male,29,Chandigarh,Chandigarh,Consumer,2024-04-09
C00571,Kabir Agarwal,Female,19,Ahmedabad,Gujarat,Corporate,2023-03-14
C00572,Varun Agarwal,Male,48,Delhi,Delhi,Corporate,2024-11-06
C00573,Anaya Joshi,Male,47,Bengaluru,Karnataka,Small Business,2025-04-16
C00574,Aditya Gupta,Female,31,Surat,Gujarat,Consumer,2025-01-22
C00575,Meera Mehta,Female,18,Pune,Maharashtra,Consumer,2023-07-04
C00576,Arjun Singh,Female,59,Ahmedabad,Gujarat,Small Business,2024-11-21
C00577,Nisha Saxena,Female,23,Bhopal,Madhya Pradesh,Small Business,2024-03-22
C00578,Aditya Agarwal,Male,45,Kolkata,West Bengal,Consumer,2025-05-05
C00579,Rahul Saxena,Male,39,Jaipur,Rajasthan,Consumer,2023-04-02
C00580,Arjun Shah,Female,55,Lucknow,Uttar Pradesh,Consumer,2024-08-22
C00581,Kabir Nair,Male,57,Surat,Gujarat,Corporate,2023-03-19
C00582,Ishaan Gupta,Female,36,Ahmedabad,Gujarat,Corporate,2025-02-13
C00583,Rohan Reddy,Male,60,Pune,Maharashtra,Consumer,2024-06-09
C00584,Karan Reddy,Female,52,Lucknow,Uttar Pradesh,Consumer,2024-05-19
C00585,Vivaan Kapoor,Female,29,Chandigarh,Chandigarh,Consumer,2025-01-19
C00586,Rohan Joshi,Male,26,Chandigarh,Chandigarh,Consumer,2024-01-21
C00587,Kiara Singh,Female,57,Hyderabad,Telangana,Corporate,2025-01-13
C00588,Nisha Das,Male,30,Lucknow,Uttar Pradesh,Small Business,2023-09-19
C00589,Anaya Mishra,Male,56,Surat,Gujarat,Corporate,2023-03-02
C00590,Varun Mehta,Male,36,Kolkata,West Bengal,Consumer,2024-11-01
C00591,Rohan Reddy,Male,36,Hyderabad,Telangana,Consumer,2024-11-17
C00592,Krishna Malhotra,Female,61,Bhopal,Madhya Pradesh,Consumer,2023-12-21
C00593,Reyansh Shah,Male,56,Lucknow,Uttar Pradesh,Consumer,2024-10-27
C00594,Ira Agarwal,Male,45,Ahmedabad,Gujarat,Consumer,2024-02-07
C00595,Myra Shah,Male,45,Chennai,Tamil Nadu,Consumer,2024-12-06
C00596,Tanya Saxena,Female,49,Indore,Madhya Pradesh,Small Business,2024-12-21
C00597,Ishaan Mehta,Female,45,Mumbai,Maharashtra,Corporate,2023-11-21
C00598,Krishna Mishra,Female,41,Chandigarh,Chandigarh,Small Business,2024-04-05
C00599,Aadhya Agarwal,Other,60,Delhi,Delhi,Small Business,2023-06-11
C00600,Arjun Iyer,Female,63,Bhopal,Madhya Pradesh,Small Business,2023-12-20
C00601,Rahul Saxena,Female,43,Chandigarh,Chandigarh,Corporate,2024-05-18
C00602,Meera Sharma,Male,32,Ahmedabad,Gujarat,Consumer,2023-07-26
C00603,Ira Chopra,Female,64,Kochi,Kerala,Consumer,2025-01-14
C00604,Arjun Sharma,Female,33,Bhopal,Madhya Pradesh,Small Business,2024-03-28
C00605,Aadhya Sharma,Male,44,Kolkata,West Bengal,Corporate,2023-08-15
C00606,Anaya Saxena,Female,30,Kolkata,West Bengal,Corporate,2024-10-28
C00607,Kabir Gupta,Male,36,Bengaluru,Karnataka,Consumer,2024-09-28
C00608,Kabir Mehta,Female,44,Jaipur,Rajasthan,Consumer,2023-09-02
C00609,Tanya Mehta,Male,43,Delhi,Delhi,Consumer,2025-06-09
C00610,Aditya Malhotra,Female,28,Bhopal,Madhya Pradesh,Consumer,2024-11-19
C00611,Myra Khan,Female,27,Bengaluru,Karnataka,Consumer,2025-06-10
C00612,Aarav Reddy,Male,43,Hyderabad,Telangana,Consumer,2025-01-23
C00613,Ira Nair,Male,56,Kolkata,West Bengal,Corporate,2024-04-18
C00614,Riya Bansal,Male,54,Jaipur,Rajasthan,Consumer,2025-04-07
C00615,Kiara Malhotra,Male,21,Delhi,Delhi,Consumer,2023-03-21
C00616,Riya Verma,Other,31,Bhopal,Madhya Pradesh,Corporate,2023-05-26
C00617,Krishna Nair,Male,20,Bengaluru,Karnataka,Consumer,2024-08-13
C00618,Anika Bansal,Female,43,Jaipur,Rajasthan,Consumer,2023-05-02
C00619,Nisha Gupta,Female,48,Mumbai,Maharashtra,Consumer,2024-11-16
C00620,Riya Singh,Male,45,Chandigarh,Chandigarh,Consumer,2025-04-21
C00621,Sara Iyer,Male,21,Indore,Madhya Pradesh,Small Business,2024-12-28
C00622,Rahul Verma,Male,58,Lucknow,Uttar Pradesh,Corporate,2023-11-14
C00623,Nisha Khan,Male,65,Pune,Maharashtra,Consumer,2024-02-11
C00624,Kiara Chopra,Female,48,Mumbai,Maharashtra,Corporate,2023-10-23
C00625,Tanya Mehta,Female,25,Surat,Gujarat,Small Business,2023-07-07
C00626,Riya Patel,Female,40,Delhi,Delhi,Consumer,2024-05-17
C00627,Nisha Bansal,Male,38,Chennai,Tamil Nadu,Consumer,2024-08-30
C00628,Riya Chopra,Male,64,Delhi,Delhi,Corporate,2025-06-01
C00629,Vivaan Shah,Male,28,Hyderabad,Telangana,Corporate,2023-04-27
C00630,Krishna Nair,Female,27,Ahmedabad,Gujarat,Corporate,2025-01-13
C00631,Anaya Chopra,Female,49,Nagpur,Maharashtra,Consumer,2024-07-04
C00632,Vivaan Mehta,Female,44,Kochi,Kerala,Consumer,2024-01-30
C00633,Nisha Singh,Female,46,Pune,Maharashtra,Consumer,2023-03-09
C00634,Nisha Mishra,Female,31,Kolkata,West Bengal,Corporate,2024-01-24
C00635,Aadhya Malhotra,Male,54,Jaipur,Rajasthan,Corporate,2025-05-11
C00636,Diya Mehta,Female,65,Indore,Madhya Pradesh,Consumer,2024-01-08
C00637,Krishna Malhotra,Female,23,Jaipur,Rajasthan,Consumer,2025-01-28
C00638,Aadhya Saxena,Male,28,Jaipur,Rajasthan,Corporate,2023-02-02
C00639,Rohan Shah,Female,18,Delhi,Delhi,Consumer,2025-03-03
C00640,Krishna Gupta,Female,33,Chennai,Tamil Nadu,Consumer,2024-04-21
C00641,Aditya Mehta,Male,22,Hyderabad,Telangana,Consumer,2024-02-27
C00642,Ira Malhotra,Female,41,Hyderabad,Telangana,Consumer,2025-04-27
C00643,Riya Gupta,Other,25,Hyderabad,Telangana,Consumer,2024-08-03
C00644,Kiara Joshi,Female,36,Nagpur,Maharashtra,Consumer,2025-05-27
C00645,Rahul Chopra,Female,38,Lucknow,Uttar Pradesh,Small Business,2023-10-04
C00646,Arjun Patel,Female,50,Nagpur,Maharashtra,Small Business,2024-08-06
C00647,Kiara Verma,Male,62,Kolkata,West Bengal,Corporate,2025-02-24
C00648,Arjun Joshi,Male,23,Jaipur,Rajasthan,Consumer,2024-02-15
C00649,Tanya Singh,Female,59,Chennai,Tamil Nadu,Corporate,2024-12-01
C00650,Varun Bansal,Female,23,Delhi,Delhi,Consumer,2024-08-29
C00651,Reyansh Bansal,Male,50,Chennai,Tamil Nadu,Consumer,2023-11-05
C00652,Riya Joshi,Female,61,Lucknow,Uttar Pradesh,Small Business,2024-05-21
C00653,Karan Saxena,Female,40,Kochi,Kerala,Consumer,2025-04-02
C00654,Krishna Saxena,Other,58,Delhi,Delhi,Corporate,2023-07-20
C00655,Varun Mehta,Female,31,Chandigarh,Chandigarh,Consumer,2024-04-29
C00656,Tanya Sharma,Male,62,Nagpur,Maharashtra,Corporate,2023-05-19
C00657,Reyansh Gupta,Male,61,Ahmedabad,Gujarat,Consumer,2024-09-11
C00658,Arjun Joshi,Female,50,Delhi,Delhi,Corporate,2025-04-02
C00659,Anika Das,Male,22,Surat,Gujarat,Consumer,2025-04-14
C00660,Ira Malhotra,Female,25,Pune,Maharashtra,Consumer,2024-05-31
C00661,Ishaan Shah,Female,49,Hyderabad,Telangana,Small Business,2025-04-21
C00662,Sara Patel,Male,50,Bhopal,Madhya Pradesh,Corporate,2024-10-01
C00663,Kiara Nair,Female,47,Bengaluru,Karnataka,Consumer,2024-10-08
C00664,Kiara Mehta,Female,41,Mumbai,Maharashtra,Consumer,2023-02-24
C00665,Karan Mehta,Male,47,Hyderabad,Telangana,Corporate,2023-05-07
C00666,Kabir Reddy,Male,20,Jaipur,Rajasthan,Corporate,2024-03-01
C00667,Arjun Singh,Female,65,Bhopal,Madhya Pradesh,Corporate,2024-07-30
C00668,Kiara Shah,Male,21,Hyderabad,Telangana,Corporate,2023-03-18
C00669,Anika Bansal,Female,23,Jaipur,Rajasthan,Corporate,2023-08-21
C00670,Kabir Malhotra,Male,39,Surat,Gujarat,Consumer,2024-09-20
C00671,Rohan Mishra,Female,63,Kochi,Kerala,Consumer,2024-01-28
C00672,Krishna Agarwal,Male,46,Kolkata,West Bengal,Consumer,2024-03-02
C00673,Reyansh Malhotra,Female,24,Kolkata,West Bengal,Small Business,2023-01-05
C00674,Kiara Chopra,Male,36,Kolkata,West Bengal,Consumer,2023-02-28
C00675,Aadhya Singh,Male,65,Bengaluru,Karnataka,Consumer,2025-03-31
C00676,Aarav Malhotra,Male,61,Bengaluru,Karnataka,Small Business,2023-12-08
C00677,Riya Khan,Male,39,Ahmedabad,Gujarat,Small Business,2023-06-08
C00678,Myra Malhotra,Male,55,Chandigarh,Chandigarh,Small Business,2023-08-12
C00679,Myra Verma,Male,49,Bhopal,Madhya Pradesh,Consumer,2025-02-17
C00680,Myra Shah,Female,58,Lucknow,Uttar Pradesh,Consumer,2023-07-14
C00681,Krishna Bansal,Female,39,Kochi,Kerala,Small Business,2023-10-15
C00682,Anaya Verma,Female,49,Ahmedabad,Gujarat,Corporate,2023-06-13
C00683,Vivaan Patel,Other,18,Pune,Maharashtra,Corporate,2024-04-30
C00684,Meera Verma,Male,49,Bhopal,Madhya Pradesh,Consumer,2023-10-31
C00685,Aditya Chopra,Female,30,Kochi,Kerala,Consumer,2023-08-13
C00686,Anika Malhotra,Male,43,Kochi,Kerala,Consumer,2023-10-12
C00687,Myra Shah,Male,44,Indore,Madhya Pradesh,Small Business,2023-06-02
C00688,Rohan Mehta,Other,24,Bhopal,Madhya Pradesh,Consumer,2024-02-23
C00689,Ishaan Verma,Female,36,Pune,Maharashtra,Consumer,2025-04-24
C00690,Karan Singh,Male,51,Hyderabad,Telangana,Corporate,2024-11-15
C00691,Vivaan Saxena,Male,33,Lucknow,Uttar Pradesh,Consumer,2023-01-22
C00692,Karan Kapoor,Female,36,Chennai,Tamil Nadu,Corporate,2024-10-02
C00693,Aarav Shah,Female,48,Ahmedabad,Gujarat,Corporate,2024-12-31
C00694,Ishaan Das,Female,62,Chennai,Tamil Nadu,Consumer,2023-10-27
C00695,Nisha Shah,Female,27,Delhi,Delhi,Consumer,2023-08-16
C00696,Arjun Chopra,Male,23,Indore,Madhya Pradesh,Small Business,2024-01-20
C00697,Sara Verma,Male,20,Indore,Madhya Pradesh,Corporate,2024-05-29
C00698,Rahul Bansal,Male,19,Delhi,Delhi,Consumer,2023-12-05
C00699,Kiara Mehta,Female,65,Ahmedabad,Gujarat,Corporate,2024-01-01
C00700,Anika Sharma,Male,25,Indore,Madhya Pradesh,Consumer,2025-02-11
C00701,Anaya Sharma,Female,46,Bengaluru,Karnataka,Consumer,2023-12-23
C00702,Reyansh Shah,Female,58,Pune,Maharashtra,Small Business,2023-02-21
C00703,Myra Malhotra,Other,65,Kochi,Kerala,Consumer,2023-02-19
C00704,Meera Verma,Male,29,Lucknow,Uttar Pradesh,Consumer,2023-03-28
C00705,Sara Verma,Other,46,Kochi,Kerala,Corporate,2023-06-06
C00706,Meera Bansal,Male,34,Nagpur,Maharashtra,Small Business,2023-02-06
C00707,Meera Agarwal,Male,18,Indore,Madhya Pradesh,Small Business,2024-11-14
C00708,Ishaan Iyer,Female,19,Ahmedabad,Gujarat,Consumer,2023-02-21
C00709,Karan Mishra,Female,59,Bengaluru,Karnataka,Consumer,2023-09-19
C00710,Reyansh Chopra,Male,41,Delhi,Delhi,Corporate,2024-09-21
C00711,Nisha Agarwal,Female,44,Chennai,Tamil Nadu,Consumer,2024-05-26
C00712,Karan Joshi,Male,57,Kochi,Kerala,Corporate,2025-04-05
C00713,Sara Reddy,Female,38,Bhopal,Madhya Pradesh,Consumer,2023-07-10
C00714,Aditya Das,Female,26,Mumbai,Maharashtra,Corporate,2024-09-23
C00715,Varun Bansal,Male,25,Chandigarh,Chandigarh,Consumer,2024-07-03
C00716,Aarav Iyer,Female,58,Chennai,Tamil Nadu,Corporate,2023-09-04
C00717,Aarav Khan,Female,51,Chennai,Tamil Nadu,Corporate,2025-06-02
C00718,Riya Shah,Male,34,Hyderabad,Telangana,Consumer,2024-03-11
C00719,Krishna Gupta,Female,42,Bengaluru,Karnataka,Consumer,2023-01-14
C00720,Arjun Patel,Female,29,Nagpur,Maharashtra,Consumer,2023-11-16
C00721,Anika Nair,Male,45,Nagpur,Maharashtra,Consumer,2023-04-29
C00722,Aditya Nair,Female,31,Jaipur,Rajasthan,Small Business,2024-12-22
C00723,Kabir Shah,Male,64,Mumbai,Maharashtra,Consumer,2025-05-03
C00724,Myra Saxena,Male,22,Delhi,Delhi,Consumer,2023-04-02
C00725,Ishaan Bansal,Female,20,Hyderabad,Telangana,Corporate,2023-09-26
C00726,Vivaan Sharma,Female,21,Ahmedabad,Gujarat,Consumer,2023-07-25
C00727,Varun Khan,Female,63,Pune,Maharashtra,Small Business,2023-10-09
C00728,Kiara Mehta,Male,45,Chandigarh,Chandigarh,Corporate,2024-09-25
C00729,Reyansh Shah,Female,43,Kolkata,West Bengal,Consumer,2024-07-25
C00730,Anika Shah,Female,22,Delhi,Delhi,Consumer,2023-03-26
C00731,Rahul Chopra,Female,48,Delhi,Delhi,Consumer,2023-04-30
C00732,Diya Shah,Male,52,Pune,Maharashtra,Consumer,2024-06-05
C00733,Krishna Shah,Male,64,Delhi,Delhi,Consumer,2025-02-14
C00734,Myra Gupta,Male,40,Delhi,Delhi,Consumer,2023-10-15
C00735,Rahul Das,Female,52,Mumbai,Maharashtra,Consumer,2023-07-05
C00736,Aarav Shah,Female,23,Lucknow,Uttar Pradesh,Small Business,2025-04-20
C00737,Sara Joshi,Female,47,Kochi,Kerala,Consumer,2023-06-23
C00738,Meera Nair,Female,55,Mumbai,Maharashtra,Consumer,2023-10-08
C00739,Varun Patel,Male,51,Kochi,Kerala,Consumer,2023-06-30
C00740,Rahul Reddy,Male,60,Kolkata,West Bengal,Consumer,2024-03-31
C00741,Vivaan Reddy,Female,31,Ahmedabad,Gujarat,Consumer,2024-02-10
C00742,Anaya Mehta,Male,45,Pune,Maharashtra,Consumer,2025-03-05
C00743,Rohan Joshi,Male,34,Hyderabad,Telangana,Consumer,2023-06-22
C00744,Aditya Saxena,Male,57,Jaipur,Rajasthan,Consumer,2024-12-16
C00745,Rohan Khan,Female,36,Pune,Maharashtra,Consumer,2025-03-16
C00746,Aarav Sharma,Male,32,Pune,Maharashtra,Consumer,2023-11-17
C00747,Karan Shah,Male,50,Lucknow,Uttar Pradesh,Consumer,2023-06-10
C00748,Anaya Kapoor,Male,24,Lucknow,Uttar Pradesh,Consumer,2023-10-11
C00749,Kiara Saxena,Female,49,Pune,Maharashtra,Consumer,2023-01-03
C00750,Rohan Joshi,Male,18,Delhi,Delhi,Consumer,2023-05-27
C00751,Meera Patel,Male,18,Lucknow,Uttar Pradesh,Consumer,2023-09-25
C00752,Karan Sharma,Male,41,Chennai,Tamil Nadu,Consumer,2025-04-10
C00753,Sara Singh,Male,50,Jaipur,Rajasthan,Small Business,2024-04-15
C00754,Diya Gupta,Female,37,Chennai,Tamil Nadu,Small Business,2024-09-20
C00755,Anika Sharma,Male,53,Hyderabad,Telangana,Consumer,2024-10-18
C00756,Aditya Verma,Male,58,Indore,Madhya Pradesh,Corporate,2023-03-03
C00757,Diya Joshi,Male,61,Ahmedabad,Gujarat,Corporate,2024-01-07
C00758,Sara Agarwal,Male,52,Chennai,Tamil Nadu,Corporate,2023-04-01
C00759,Varun Gupta,Female,42,Jaipur,Rajasthan,Consumer,2024-07-09
C00760,Krishna Patel,Male,52,Lucknow,Uttar Pradesh,Small Business,2023-02-21
C00761,Ishaan Nair,Male,34,Ahmedabad,Gujarat,Consumer,2023-11-08
C00762,Arjun Agarwal,Female,59,Jaipur,Rajasthan,Small Business,2025-03-01
C00763,Diya Iyer,Male,45,Indore,Madhya Pradesh,Small Business,2024-02-08
C00764,Krishna Mishra,Male,65,Mumbai,Maharashtra,Consumer,2023-10-23
C00765,Diya Sharma,Female,46,Lucknow,Uttar Pradesh,Consumer,2023-02-12
C00766,Aarav Nair,Male,25,Pune,Maharashtra,Corporate,2023-10-31
C00767,Riya Khan,Male,33,Chennai,Tamil Nadu,Corporate,2025-01-01
C00768,Ira Chopra,Female,25,Delhi,Delhi,Corporate,2025-06-10
C00769,Kabir Reddy,Female,61,Hyderabad,Telangana,Corporate,2023-08-20
C00770,Diya Shah,Female,36,Kochi,Kerala,Corporate,2023-09-17
C00771,Aditya Khan,Female,47,Mumbai,Maharashtra,Consumer,2024-12-15
C00772,Varun Iyer,Female,56,Ahmedabad,Gujarat,Consumer,2024-05-12
C00773,Aadhya Bansal,Male,38,Indore,Madhya Pradesh,Small Business,2023-06-05
C00774,Karan Kapoor,Female,34,Lucknow,Uttar Pradesh,Corporate,2024-09-26
C00775,Rohan Bansal,Male,51,Jaipur,Rajasthan,Corporate,2023-10-03
C00776,Meera Khan,Male,32,Hyderabad,Telangana,Consumer,2024-06-13
C00777,Karan Nair,Female,47,Jaipur,Rajasthan,Corporate,2023-07-27
C00778,Meera Mishra,Female,37,Kochi,Kerala,Consumer,2025-02-07
C00779,Varun Bansal,Male,18,Kolkata,West Bengal,Corporate,2023-01-27
C00780,Ira Mishra,Male,47,Ahmedabad,Gujarat,Consumer,2024-09-05
C00781,Sara Das,Other,51,Lucknow,Uttar Pradesh,Small Business,2024-02-06
C00782,Karan Nair,Male,58,Kochi,Kerala,Consumer,2023-06-04
C00783,Tanya Khan,Male,43,Jaipur,Rajasthan,Consumer,2024-06-20
C00784,Aadhya Khan,Female,50,Jaipur,Rajasthan,Consumer,2023-04-08
C00785,Aadhya Iyer,Female,41,Nagpur,Maharashtra,Consumer,2023-01-24
C00786,Myra Sharma,Male,32,Bengaluru,Karnataka,Consumer,2024-12-16
C00787,Meera Bansal,Female,25,Kochi,Kerala,Small Business,2024-10-21
C00788,Ira Joshi,Female,24,Surat,Gujarat,Consumer,2023-10-25
C00789,Diya Shah,Female,65,Nagpur,Maharashtra,Small Business,2024-02-18
C00790,Rahul Chopra,Female,25,Jaipur,Rajasthan,Consumer,2024-04-12
C00791,Aarav Khan,Male,41,Nagpur,Maharashtra,Corporate,2024-01-21
C00792,Sara Joshi,Male,21,Indore,Madhya Pradesh,Consumer,2025-03-25
C00793,Kabir Das,Male,56,Pune,Maharashtra,Consumer,2024-05-23
C00794,Rahul Singh,Male,65,Chennai,Tamil Nadu,Consumer,2023-05-07
C00795,Rohan Patel,Female,33,Chennai,Tamil Nadu,Corporate,2024-01-16
C00796,Ishaan Mishra,Female,20,Indore,Madhya Pradesh,Corporate,2024-11-20
C00797,Anika Patel,Male,52,Lucknow,Uttar Pradesh,Corporate,2025-06-12
C00798,Aadhya Gupta,Male,36,Ahmedabad,Gujarat,Corporate,2023-09-21
C00799,Vivaan Malhotra,Female,56,Hyderabad,Telangana,Consumer,2024-03-04
C00800,Varun Bansal,Male,32,Bhopal,Madhya Pradesh,Consumer,2025-05-06
C00801,Riya Kapoor,Male,24,Chennai,Tamil Nadu,Consumer,2024-02-01
C00802,Karan Khan,Female,29,Delhi,Delhi,Consumer,2023-08-10
C00803,Ishaan Singh,Female,49,Pune,Maharashtra,Consumer,2023-01-14
C00804,Rohan Reddy,Male,39,Lucknow,Uttar Pradesh,Consumer,2023-11-25
C00805,Rahul Malhotra,Male,64,Chennai,Tamil Nadu,Consumer,2024-10-17
C00806,Diya Gupta,Male,34,Bhopal,Madhya Pradesh,Small Business,2024-05-19
C00807,Reyansh Saxena,Female,48,Surat,Gujarat,Consumer,2024-11-09
C00808,Varun Joshi,Female,40,Lucknow,Uttar Pradesh,Consumer,2024-06-14
C00809,Ira Iyer,Male,28,Mumbai,Maharashtra,Consumer,2024-08-03
C00810,Ishaan Mishra,Male,49,Delhi,Delhi,Consumer,2023-06-08
C00811,Riya Khan,Female,34,Chennai,Tamil Nadu,Consumer,2024-01-23
C00812,Rahul Khan,Female,61,Chennai,Tamil Nadu,Consumer,2023-10-06
C00813,Nisha Malhotra,Female,21,Bhopal,Madhya Pradesh,Consumer,2024-08-30
C00814,Rohan Joshi,Female,61,Delhi,Delhi,Small Business,2025-03-28
C00815,Krishna Saxena,Female,29,Kolkata,West Bengal,Consumer,2023-10-28
C00816,Arjun Das,Male,60,Kolkata,West Bengal,Consumer,2023-11-20
C00817,Meera Kapoor,Male,34,Delhi,Delhi,Small Business,2023-12-02
C00818,Kabir Reddy,Female,60,Lucknow,Uttar Pradesh,Corporate,2023-02-18
C00819,Aarav Mehta,Male,38,Nagpur,Maharashtra,Consumer,2024-11-15
C00820,Aditya Bansal,Male,47,Pune,Maharashtra,Consumer,2024-07-07
C00821,Riya Sharma,Female,46,Hyderabad,Telangana,Consumer,2023-08-02
C00822,Nisha Das,Female,46,Kolkata,West Bengal,Consumer,2023-02-12
C00823,Aarav Patel,Female,60,Indore,Madhya Pradesh,Consumer,2025-06-07
C00824,Riya Joshi,Female,49,Delhi,Delhi,Corporate,2023-10-26
C00825,Tanya Patel,Male,53,Surat,Gujarat,Corporate,2025-05-11
C00826,Varun Bansal,Male,61,Kochi,Kerala,Corporate,2025-01-19
C00827,Aadhya Iyer,Male,62,Kochi,Kerala,Corporate,2024-05-24
C00828,Sara Saxena,Female,52,Bhopal,Madhya Pradesh,Corporate,2025-01-07
C00829,Rahul Das,Male,29,Lucknow,Uttar Pradesh,Corporate,2024-05-04
C00830,Karan Singh,Male,49,Surat,Gujarat,Consumer,2024-06-05
C00831,Meera Das,Male,30,Hyderabad,Telangana,Corporate,2024-12-15
C00832,Diya Chopra,Female,19,Hyderabad,Telangana,Consumer,2025-02-09
C00833,Aarav Verma,Female,52,Mumbai,Maharashtra,Small Business,2024-11-17
C00834,Kabir Bansal,Female,53,Hyderabad,Telangana,Consumer,2024-04-05
C00835,Arjun Khan,Female,40,Chandigarh,Chandigarh,Consumer,2023-09-12
C00836,Ishaan Sharma,Female,25,Surat,Gujarat,Consumer,2025-06-08
C00837,Aadhya Verma,Female,29,Pune,Maharashtra,Corporate,2025-01-20
C00838,Sara Singh,Male,32,Pune,Maharashtra,Small Business,2024-07-21
C00839,Anaya Das,Male,50,Kolkata,West Bengal,Corporate,2023-11-16
C00840,Myra Shah,Female,56,Indore,Madhya Pradesh,Small Business,2024-11-13
C00841,Anika Verma,Male,58,Ahmedabad,Gujarat,Consumer,2023-11-17
C00842,Sara Saxena,Other,43,Surat,Gujarat,Consumer,2023-04-26
C00843,Kiara Saxena,Female,28,Delhi,Delhi,Consumer,2025-01-13
C00844,Arjun Gupta,Male,44,Jaipur,Rajasthan,Corporate,2024-08-07
C00845,Anika Patel,Female,31,Delhi,Delhi,Consumer,2023-03-11
C00846,Kabir Joshi,Female,20,Bengaluru,Karnataka,Corporate,2023-05-22
C00847,Nisha Chopra,Male,62,Lucknow,Uttar Pradesh,Consumer,2025-01-26
C00848,Arjun Nair,Female,52,Lucknow,Uttar Pradesh,Consumer,2024-01-23
C00849,Varun Patel,Male,31,Mumbai,Maharashtra,Corporate,2024-07-23
C00850,Nisha Patel,Male,44,Chandigarh,Chandigarh,Corporate,2023-01-28
C00851,Anaya Joshi,Female,30,Chennai,Tamil Nadu,Small Business,2024-07-26
C00852,Kiara Chopra,Male,55,Ahmedabad,Gujarat,Consumer,2024-01-08
C00853,Ishaan Kapoor,Male,39,Mumbai,Maharashtra,Consumer,2024-11-15
C00854,Tanya Patel,Male,59,Chennai,Tamil Nadu,Corporate,2024-08-01
C00855,Vivaan Chopra,Male,64,Delhi,Delhi,Corporate,2024-07-27
C00856,Riya Joshi,Female,43,Hyderabad,Telangana,Consumer,2024-01-17
C00857,Karan Agarwal,Male,36,Bhopal,Madhya Pradesh,Consumer,2023-12-08
C00858,Tanya Gupta,Male,38,Ahmedabad,Gujarat,Consumer,2023-03-15
C00859,Tanya Sharma,Female,50,Surat,Gujarat,Small Business,2024-05-14
C00860,Kabir Kapoor,Female,25,Lucknow,Uttar Pradesh,Consumer,2024-07-12
C00861,Arjun Agarwal,Female,27,Bhopal,Madhya Pradesh,Consumer,2024-06-07
C00862,Varun Chopra,Female,25,Kolkata,West Bengal,Consumer,2025-05-07
C00863,Tanya Patel,Male,52,Pune,Maharashtra,Corporate,2025-03-01
C00864,Myra Kapoor,Female,45,Nagpur,Maharashtra,Corporate,2025-06-07
C00865,Tanya Reddy,Female,30,Kolkata,West Bengal,Corporate,2024-03-10
C00866,Sara Mishra,Male,63,Jaipur,Rajasthan,Consumer,2024-07-12
C00867,Aarav Patel,Female,24,Bhopal,Madhya Pradesh,Consumer,2024-10-23
C00868,Tanya Khan,Male,23,Indore,Madhya Pradesh,Corporate,2023-12-03
C00869,Aditya Iyer,Male,60,Ahmedabad,Gujarat,Corporate,2023-05-22
C00870,Sara Sharma,Male,31,Ahmedabad,Gujarat,Consumer,2023-12-14
C00871,Reyansh Malhotra,Male,42,Kolkata,West Bengal,Corporate,2024-11-26
C00872,Diya Shah,Male,26,Hyderabad,Telangana,Small Business,2023-11-08
C00873,Vivaan Singh,Male,44,Pune,Maharashtra,Corporate,2023-03-31
C00874,Arjun Verma,Male,55,Surat,Gujarat,Consumer,2024-06-11
C00875,Riya Sharma,Female,41,Lucknow,Uttar Pradesh,Consumer,2023-09-19
C00876,Anika Patel,Female,35,Ahmedabad,Gujarat,Consumer,2023-03-07
C00877,Tanya Mehta,Female,47,Pune,Maharashtra,Small Business,2023-10-17
C00878,Krishna Mishra,Male,59,Mumbai,Maharashtra,Consumer,2023-09-23
C00879,Anaya Das,Male,63,Chandigarh,Chandigarh,Consumer,2023-02-11
C00880,Kiara Singh,Male,50,Nagpur,Maharashtra,Consumer,2023-04-06
C00881,Anaya Malhotra,Male,24,Jaipur,Rajasthan,Consumer,2025-04-18
C00882,Anaya Malhotra,Male,49,Mumbai,Maharashtra,Consumer,2023-05-23
C00883,Vivaan Gupta,Female,63,Chandigarh,Chandigarh,Consumer,2024-10-07
C00884,Reyansh Bansal,Female,61,Mumbai,Maharashtra,Consumer,2023-02-19
C00885,Riya Shah,Female,49,Nagpur,Maharashtra,Consumer,2023-02-17
C00886,Ira Singh,Female,28,Hyderabad,Telangana,Consumer,2023-03-06
C00887,Arjun Shah,Other,65,Mumbai,Maharashtra,Small Business,2024-05-03
C00888,Diya Mishra,Female,18,Mumbai,Maharashtra,Consumer,2023-08-02
C00889,Riya Verma,Female,39,Bhopal,Madhya Pradesh,Consumer,2024-08-04
C00890,Meera Kapoor,Male,37,Pune,Maharashtra,Consumer,2023-08-05
C00891,Ira Mehta,Female,41,Mumbai,Maharashtra,Consumer,2023-08-06
C00892,Kiara Kapoor,Female,27,Chennai,Tamil Nadu,Consumer,2025-04-16
C00893,Diya Bansal,Female,44,Chennai,Tamil Nadu,Consumer,2025-05-17
C00894,Aditya Malhotra,Female,65,Indore,Madhya Pradesh,Consumer,2023-06-24
C00895,Diya Reddy,Male,56,Indore,Madhya Pradesh,Corporate,2024-09-19
C00896,Anika Chopra,Male,36,Ahmedabad,Gujarat,Consumer,2024-04-04
C00897,Nisha Chopra,Female,44,Hyderabad,Telangana,Consumer,2024-08-13
C00898,Kabir Iyer,Female,20,Bhopal,Madhya Pradesh,Consumer,2025-01-09
C00899,Sara Khan,Male,24,Indore,Madhya Pradesh,Consumer,2024-04-15
C00900,Ishaan Saxena,Female,34,Hyderabad,Telangana,Corporate,2023-11-27
C00901,Diya Reddy,Male,50,Bengaluru,Karnataka,Consumer,2024-08-12
C00902,Tanya Malhotra,Female,32,Bhopal,Madhya Pradesh,Consumer,2025-05-08
C00903,Diya Iyer,Male,64,Ahmedabad,Gujarat,Consumer,2024-02-09
C00904,Kiara Singh,Male,49,Mumbai,Maharashtra,Corporate,2023-09-11
C00905,Tanya Reddy,Female,26,Surat,Gujarat,Corporate,2024-06-25
C00906,Diya Das,Female,57,Bengaluru,Karnataka,Corporate,2024-01-01
C00907,Diya Bansal,Female,25,Delhi,Delhi,Consumer,2023-10-29
C00908,Ishaan Kapoor,Female,40,Indore,Madhya Pradesh,Small Business,2024-05-01
C00909,Kabir Joshi,Female,47,Delhi,Delhi,Consumer,2024-03-05
C00910,Aditya Mishra,Male,38,Kochi,Kerala,Consumer,2023-06-17
C00911,Reyansh Malhotra,Male,46,Hyderabad,Telangana,Corporate,2024-04-06
C00912,Rohan Patel,Male,39,Chennai,Tamil Nadu,Consumer,2024-05-18
C00913,Kabir Reddy,Male,22,Chandigarh,Chandigarh,Corporate,2024-06-14
C00914,Rohan Shah,Female,47,Jaipur,Rajasthan,Corporate,2025-01-14
C00915,Kiara Joshi,Female,54,Pune,Maharashtra,Consumer,2023-11-15
C00916,Rahul Das,Male,51,Pune,Maharashtra,Corporate,2025-05-05
C00917,Kiara Nair,Other,36,Kolkata,West Bengal,Consumer,2023-02-06
C00918,Sara Iyer,Male,42,Ahmedabad,Gujarat,Corporate,2025-03-28
C00919,Nisha Chopra,Male,38,Delhi,Delhi,Consumer,2023-11-06
C00920,Aarav Gupta,Male,54,Jaipur,Rajasthan,Corporate,2024-09-30
C00921,Anika Agarwal,Female,43,Delhi,Delhi,Consumer,2024-04-05
C00922,Myra Patel,Female,22,Chennai,Tamil Nadu,Consumer,2024-09-13
C00923,Vivaan Patel,Male,29,Nagpur,Maharashtra,Consumer,2024-02-29
C00924,Myra Mishra,Female,37,Lucknow,Uttar Pradesh,Consumer,2025-03-27
C00925,Riya Shah,Male,27,Hyderabad,Telangana,Consumer,2024-04-18
C00926,Rahul Malhotra,Male,19,Kolkata,West Bengal,Consumer,2023-08-12
C00927,Varun Patel,Female,43,Kolkata,West Bengal,Small Business,2023-06-30
C00928,Riya Malhotra,Female,52,Nagpur,Maharashtra,Consumer,2024-12-11
C00929,Anaya Chopra,Male,65,Jaipur,Rajasthan,Small Business,2023-06-15
C00930,Meera Khan,Male,34,Bengaluru,Karnataka,Small Business,2024-03-11
C00931,Varun Iyer,Female,22,Chandigarh,Chandigarh,Consumer,2025-05-02
C00932,Myra Singh,Male,65,Mumbai,Maharashtra,Corporate,2024-05-12
C00933,Rohan Kapoor,Female,42,Nagpur,Maharashtra,Small Business,2024-08-28
C00934,Reyansh Nair,Female,21,Mumbai,Maharashtra,Consumer,2024-12-26
C00935,Aditya Chopra,Male,53,Delhi,Delhi,Consumer,2024-09-04
C00936,Vivaan Joshi,Female,54,Ahmedabad,Gujarat,Consumer,2024-09-21
C00937,Vivaan Patel,Male,23,Chennai,Tamil Nadu,Consumer,2023-03-16
C00938,Riya Malhotra,Other,30,Mumbai,Maharashtra,Consumer,2024-09-08
C00939,Kabir Sharma,Female,34,Indore,Madhya Pradesh,Consumer,2024-05-24
C00940,Rahul Mishra,Female,64,Lucknow,Uttar Pradesh,Consumer,2024-05-15
C00941,Meera Das,Male,19,Indore,Madhya Pradesh,Corporate,2024-09-28
C00942,Vivaan Bansal,Female,56,Bengaluru,Karnataka,Consumer,2025-02-20
C00943,Anika Saxena,Male,55,Chandigarh,Chandigarh,Consumer,2024-02-20
C00944,Sara Joshi,Female,39,Indore,Madhya Pradesh,Consumer,2025-02-08
C00945,Varun Mehta,Female,56,Lucknow,Uttar Pradesh,Consumer,2023-05-18
C00946,Reyansh Shah,Male,50,Jaipur,Rajasthan,Consumer,2023-03-05
C00947,Ira Shah,Female,63,Jaipur,Rajasthan,Small Business,2024-10-17
C00948,Rohan Patel,Male,62,Chennai,Tamil Nadu,Consumer,2024-09-09
C00949,Kabir Patel,Male,57,Ahmedabad,Gujarat,Corporate,2024-04-01
C00950,Varun Shah,Male,51,Ahmedabad,Gujarat,Consumer,2025-02-15
C00951,Rohan Sharma,Male,37,Jaipur,Rajasthan,Consumer,2024-06-12
C00952,Riya Das,Female,24,Delhi,Delhi,Consumer,2024-07-07
C00953,Aarav Nair,Male,25,Surat,Gujarat,Consumer,2024-06-04
C00954,Varun Reddy,Female,30,Lucknow,Uttar Pradesh,Consumer,2023-02-28
C00955,Nisha Bansal,Female,56,Jaipur,Rajasthan,Consumer,2023-06-07
C00956,Kiara Das,Male,57,Jaipur,Rajasthan,Corporate,2024-02-29
C00957,Reyansh Das,Female,34,Pune,Maharashtra,Consumer,2023-12-18
C00958,Ira Mehta,Male,18,Pune,Maharashtra,Consumer,2024-07-18
C00959,Rohan Khan,Male,30,Hyderabad,Telangana,Consumer,2024-02-05
C00960,Kiara Patel,Male,18,Surat,Gujarat,Consumer,2025-02-07
C00961,Kiara Iyer,Male,44,Surat,Gujarat,Consumer,2025-01-05
C00962,Reyansh Nair,Female,18,Jaipur,Rajasthan,Corporate,2024-10-29
C00963,Krishna Reddy,Male,22,Nagpur,Maharashtra,Consumer,2025-02-26
C00964,Myra Sharma,Female,30,Bhopal,Madhya Pradesh,Consumer,2023-01-17
C00965,Tanya Joshi,Female,56,Lucknow,Uttar Pradesh,Consumer,2024-09-06
C00966,Ira Verma,Male,34,Hyderabad,Telangana,Corporate,2025-05-04
C00967,Diya Nair,Male,42,Indore,Madhya Pradesh,Consumer,2025-06-18
C00968,Vivaan Saxena,Female,41,Chandigarh,Chandigarh,Corporate,2025-03-14
C00969,Rahul Das,Male,33,Jaipur,Rajasthan,Corporate,2024-10-01
C00970,Krishna Khan,Male,60,Jaipur,Rajasthan,Corporate,2025-05-30
C00971,Kiara Gupta,Male,40,Kolkata,West Bengal,Consumer,2024-10-06
C00972,Diya Sharma,Female,37,Chennai,Tamil Nadu,Consumer,2024-04-05
C00973,Karan Bansal,Male,26,Hyderabad,Telangana,Consumer,2024-10-15
C00974,Rohan Singh,Male,55,Delhi,Delhi,Consumer,2023-10-16
C00975,Krishna Shah,Male,58,Mumbai,Maharashtra,Consumer,2024-04-08
C00976,Arjun Iyer,Male,43,Indore,Madhya Pradesh,Corporate,2023-06-30
C00977,Ishaan Joshi,Female,49,Hyderabad,Telangana,Consumer,2024-07-05
C00978,Reyansh Patel,Female,58,Kochi,Kerala,Corporate,2024-12-01
C00979,Nisha Mishra,Female,18,Jaipur,Rajasthan,Consumer,2025-03-25
C00980,Kiara Bansal,Female,35,Surat,Gujarat,Consumer,2025-02-26
C00981,Myra Agarwal,Male,20,Chandigarh,Chandigarh,Consumer,2024-07-18
C00982,Ishaan Reddy,Male,63,Kochi,Kerala,Consumer,2023-01-13
C00983,Riya Joshi,Female,32,Chennai,Tamil Nadu,Consumer,2023-08-04
C00984,Krishna Agarwal,Female,44,Lucknow,Uttar Pradesh,Consumer,2023-06-18
C00985,Arjun Singh,Female,19,Chennai,Tamil Nadu,Small Business,2024-12-21
C00986,Tanya Gupta,Male,18,Pune,Maharashtra,Corporate,2024-05-25
C00987,Aadhya Singh,Female,32,Chennai,Tamil Nadu,Consumer,2023-09-05
C00988,Kabir Mehta,Male,44,Surat,Gujarat,Consumer,2023-04-09
C00989,Riya Agarwal,Male,41,Ahmedabad,Gujarat,Consumer,2023-04-28
C00990,Rahul Bansal,Male,61,Nagpur,Maharashtra,Consumer,2024-08-17
C00991,Krishna Malhotra,Male,25,Chandigarh,Chandigarh,Consumer,2024-09-26
C00992,Tanya Mishra,Female,35,Kolkata,West Bengal,Small Business,2023-10-22
C00993,Anika Mehta,Female,25,Bhopal,Madhya Pradesh,Corporate,2025-06-18
C00994,Varun Nair,Male,62,Hyderabad,Telangana,Corporate,2023-09-08
C00995,Vivaan Sharma,Male,41,Surat,Gujarat,Consumer,2025-03-19
C00996,Krishna Chopra,Other,39,Bhopal,Madhya Pradesh,Corporate,2024-02-18
C00997,Rahul Khan,Male,29,Indore,Madhya Pradesh,Consumer,2023-10-22
C00998,Nisha Mehta,Female,54,Mumbai,Maharashtra,Consumer,2024-04-25
C00999,Rahul Nair,Female,65,Hyderabad,Telangana,Consumer,2023-01-15
C01000,Anaya Das,Male,28,Ahmedabad,Gujarat,Corporate,2025-02-09
C01001,Diya Sharma,Male,39,Chandigarh,Chandigarh,Consumer,2023-01-08
C01002,Arjun Shah,Female,59,Kolkata,West Bengal,Corporate,2023-06-18
C01003,Aditya Malhotra,Male,46,Kochi,Kerala,Small Business,2025-05-27
C01004,Aditya Bansal,Female,49,Mumbai,Maharashtra,Consumer,2024-01-24
C01005,Kiara Khan,Female,29,Nagpur,Maharashtra,Consumer,2025-05-12
C01006,Nisha Reddy,Male,19,Bhopal,Madhya Pradesh,Corporate,2024-05-17
C01007,Varun Saxena,Male,29,Bhopal,Madhya Pradesh,Corporate,2024-07-29
C01008,Kabir Chopra,Male,42,Chandigarh,Chandigarh,Consumer,2024-03-28
C01009,Aarav Saxena,Female,59,Kolkata,West Bengal,Consumer,2025-04-08
C01010,Vivaan Mehta,Other,50,Delhi,Delhi,Consumer,2024-03-20
C01011,Sara Kapoor,Female,65,Indore,Madhya Pradesh,Corporate,2024-02-20
C01012,Ishaan Singh,Male,29,Mumbai,Maharashtra,Corporate,2023-01-02
C01013,Anaya Kapoor,Male,53,Bengaluru,Karnataka,Corporate,2023-12-24
C01014,Aarav Agarwal,Other,65,Indore,Madhya Pradesh,Consumer,2023-08-07
C01015,Rohan Iyer,Male,25,Mumbai,Maharashtra,Corporate,2023-07-10
C01016,Aarav Chopra,Male,42,Jaipur,Rajasthan,Small Business,2023-10-01
C01017,Tanya Mehta,Male,35,Indore,Madhya Pradesh,Consumer,2023-10-04
C01018,Tanya Reddy,Male,46,Mumbai,Maharashtra,Corporate,2023-03-09
C01019,Anika Khan,Other,58,Nagpur,Maharashtra,Corporate,2024-05-02
C01020,Nisha Verma,Male,21,Jaipur,Rajasthan,Small Business,2024-08-02
C01021,Rahul Singh,Male,41,Bhopal,Madhya Pradesh,Consumer,2023-12-30
C01022,Krishna Gupta,Female,28,Nagpur,Maharashtra,Consumer,2023-06-13
C01023,Aarav Agarwal,Male,47,Ahmedabad,Gujarat,Small Business,2023-11-27
C01024,Anika Agarwal,Female,63,Indore,Madhya Pradesh,Consumer,2025-02-10
C01025,Meera Gupta,Male,64,Mumbai,Maharashtra,Consumer,2023-03-08
C01026,Riya Mishra,Female,44,Ahmedabad,Gujarat,Consumer,2023-09-16
C01027,Myra Joshi,Male,39,Jaipur,Rajasthan,Consumer,2024-08-05
C01028,Karan Khan,Male,42,Chandigarh,Chandigarh,Corporate,2023-04-09
C01029,Ishaan Iyer,Female,33,Bhopal,Madhya Pradesh,Consumer,2023-11-26
C01030,Ishaan Mehta,Female,43,Ahmedabad,Gujarat,Corporate,2023-09-02
C01031,Varun Verma,Male,34,Bhopal,Madhya Pradesh,Consumer,2025-05-31
C01032,Krishna Joshi,Female,18,Hyderabad,Telangana,Consumer,2024-03-02
C01033,Anaya Kapoor,Male,65,Lucknow,Uttar Pradesh,Consumer,2024-11-06
C01034,Kabir Iyer,Male,44,Ahmedabad,Gujarat,Consumer,2024-12-23
C01035,Riya Gupta,Male,38,Chandigarh,Chandigarh,Small Business,2023-04-10
C01036,Aditya Das,Female,31,Lucknow,Uttar Pradesh,Small Business,2024-09-09
C01037,Aadhya Shah,Male,21,Bengaluru,Karnataka,Consumer,2024-07-31
C01038,Tanya Reddy,Male,51,Pune,Maharashtra,Consumer,2023-09-04
C01039,Diya Malhotra,Female,19,Nagpur,Maharashtra,Corporate,2024-09-02
C01040,Arjun Sharma,Female,51,Mumbai,Maharashtra,Small Business,2023-03-11
C01041,Meera Reddy,Male,20,Nagpur,Maharashtra,Corporate,2024-11-27
C01042,Varun Malhotra,Female,31,Pune,Maharashtra,Small Business,2024-02-12
C01043,Nisha Mishra,Female,40,Delhi,Delhi,Corporate,2024-12-16
C01044,Rahul Patel,Male,38,Kolkata,West Bengal,Consumer,2023-12-27
C01045,Krishna Joshi,Other,55,Surat,Gujarat,Consumer,2024-11-18
C01046,Anaya Nair,Female,58,Pune,Maharashtra,Consumer,2023-09-25
C01047,Sara Patel,Female,26,Ahmedabad,Gujarat,Corporate,2024-02-21
C01048,Krishna Kapoor,Male,39,Lucknow,Uttar Pradesh,Consumer,2024-05-25
C01049,Rahul Malhotra,Male,46,Kolkata,West Bengal,Consumer,2024-01-12
C01050,Diya Mehta,Female,64,Jaipur,Rajasthan,Consumer,2024-07-05
C01051,Nisha Malhotra,Female,56,Indore,Madhya Pradesh,Consumer,2024-11-27
C01052,Aadhya Mehta,Male,23,Pune,Maharashtra,Consumer,2023-11-05
C01053,Rohan Reddy,Male,53,Kolkata,West Bengal,Consumer,2023-11-09
C01054,Arjun Kapoor,Female,18,Chandigarh,Chandigarh,Corporate,2023-07-23
C01055,Anaya Kapoor,Female,21,Jaipur,Rajasthan,Consumer,2024-06-08
C01056,Kiara Agarwal,Female,62,Bhopal,Madhya Pradesh,Consumer,2023-06-27
C01057,Aarav Agarwal,Male,41,Hyderabad,Telangana,Consumer,2024-03-02
C01058,Aadhya Chopra,Female,61,Nagpur,Maharashtra,Consumer,2025-04-18
C01059,Rahul Joshi,Male,62,Ahmedabad,Gujarat,Consumer,2024-08-31
C01060,Ishaan Joshi,Male,53,Chandigarh,Chandigarh,Corporate,2023-07-12
C01061,Vivaan Chopra,Female,37,Chennai,Tamil Nadu,Consumer,2025-05-04
C01062,Aarav Khan,Female,40,Mumbai,Maharashtra,Consumer,2023-03-15
C01063,Nisha Saxena,Other,32,Jaipur,Rajasthan,Small Business,2023-07-17
C01064,Kiara Agarwal,Male,25,Nagpur,Maharashtra,Corporate,2023-10-15
C01065,Anaya Gupta,Male,50,Bengaluru,Karnataka,Consumer,2024-11-10
C01066,Ishaan Reddy,Female,29,Nagpur,Maharashtra,Consumer,2023-06-13
C01067,Diya Shah,Male,58,Chandigarh,Chandigarh,Consumer,2023-05-22
C01068,Krishna Patel,Female,40,Delhi,Delhi,Corporate,2025-01-03
C01069,Vivaan Patel,Female,46,Indore,Madhya Pradesh,Consumer,2023-06-10
C01070,Sara Singh,Male,36,Chandigarh,Chandigarh,Consumer,2025-04-26
C01071,Aarav Sharma,Male,29,Hyderabad,Telangana,Consumer,2025-03-23
C01072,Ira Agarwal,Female,40,Indore,Madhya Pradesh,Corporate,2024-08-21
C01073,Varun Patel,Female,37,Chennai,Tamil Nadu,Consumer,2025-01-27
C01074,Nisha Khan,Male,22,Surat,Gujarat,Corporate,2023-09-27
C01075,Kiara Mishra,Male,33,Bengaluru,Karnataka,Consumer,2023-12-29
C01076,Aarav Iyer,Female,18,Mumbai,Maharashtra,Consumer,2025-03-02
C01077,Anika Kapoor,Female,38,Indore,Madhya Pradesh,Consumer,2024-06-16
C01078,Arjun Gupta,Female,53,Chandigarh,Chandigarh,Consumer,2024-11-28
C01079,Anaya Mishra,Female,56,Mumbai,Maharashtra,Consumer,2023-04-27
C01080,Karan Joshi,Male,47,Ahmedabad,Gujarat,Consumer,2023-01-21
C01081,Tanya Joshi,Female,60,Mumbai,Maharashtra,Corporate,2025-02-12
C01082,Anika Reddy,Female,37,Mumbai,Maharashtra,Consumer,2023-08-03
C01083,Karan Chopra,Female,38,Pune,Maharashtra,Corporate,2023-08-07
C01084,Kiara Mishra,Male,56,Jaipur,Rajasthan,Corporate,2023-07-19
C01085,Kabir Agarwal,Female,35,Surat,Gujarat,Consumer,2024-11-15
C01086,Kiara Agarwal,Male,24,Pune,Maharashtra,Consumer,2025-01-30
C01087,Aditya Saxena,Other,36,Bhopal,Madhya Pradesh,Consumer,2025-06-11
C01088,Ishaan Shah,Female,50,Ahmedabad,Gujarat,Consumer,2024-09-14
C01089,Vivaan Singh,Male,42,Nagpur,Maharashtra,Corporate,2024-10-02
C01090,Myra Chopra,Female,60,Chennai,Tamil Nadu,Corporate,2025-03-01
C01091,Varun Bansal,Female,60,Pune,Maharashtra,Corporate,2024-02-14
C01092,Krishna Khan,Female,19,Mumbai,Maharashtra,Small Business,2023-12-15
C01093,Rahul Malhotra,Male,57,Mumbai,Maharashtra,Corporate,2024-06-11
C01094,Karan Gupta,Female,49,Kolkata,West Bengal,Consumer,2023-05-25
C01095,Ira Nair,Female,40,Chandigarh,Chandigarh,Consumer,2024-08-13
C01096,Myra Malhotra,Female,43,Indore,Madhya Pradesh,Corporate,2024-11-12
C01097,Anika Khan,Male,30,Chennai,Tamil Nadu,Consumer,2024-12-03
C01098,Anaya Nair,Male,43,Indore,Madhya Pradesh,Small Business,2023-06-19
C01099,Aadhya Verma,Other,46,Hyderabad,Telangana,Consumer,2024-05-14
C01100,Tanya Sharma,Male,56,Lucknow,Uttar Pradesh,Corporate,2024-08-13
C01101,Ira Singh,Female,53,Chennai,Tamil Nadu,Small Business,2024-07-17
C01102,Krishna Reddy,Male,42,Hyderabad,Telangana,Consumer,2023-08-07
C01103,Riya Mishra,Female,25,Hyderabad,Telangana,Consumer,2024-05-28
C01104,Krishna Singh,Female,18,Hyderabad,Telangana,Consumer,2023-11-30
C01105,Ira Sharma,Male,47,Lucknow,Uttar Pradesh,Consumer,2023-06-01
C01106,Kabir Saxena,Male,37,Bhopal,Madhya Pradesh,Consumer,2024-01-06
C01107,Sara Singh,Male,56,Kochi,Kerala,Small Business,2024-11-22
C01108,Krishna Saxena,Female,29,Chennai,Tamil Nadu,Consumer,2023-10-04
C01109,Kiara Chopra,Male,27,Jaipur,Rajasthan,Consumer,2024-02-13
C01110,Aarav Malhotra,Male,41,Bhopal,Madhya Pradesh,Consumer,2023-11-16
C01111,Kabir Singh,Male,26,Surat,Gujarat,Consumer,2024-05-23
C01112,Kiara Malhotra,Male,30,Hyderabad,Telangana,Consumer,2024-11-21
C01113,Karan Sharma,Male,39,Chandigarh,Chandigarh,Corporate,2025-01-26
C01114,Riya Iyer,Female,47,Kolkata,West Bengal,Consumer,2024-04-23
C01115,Varun Mishra,Female,27,Kochi,Kerala,Consumer,2024-12-07
C01116,Myra Shah,Female,46,Lucknow,Uttar Pradesh,Corporate,2025-04-07
C01117,Sara Nair,Male,48,Ahmedabad,Gujarat,Consumer,2024-12-10
C01118,Diya Patel,Male,42,Pune,Maharashtra,Consumer,2023-01-23
C01119,Rahul Nair,Male,20,Mumbai,Maharashtra,Consumer,2023-08-01
C01120,Reyansh Agarwal,Female,44,Surat,Gujarat,Corporate,2025-03-07
C01121,Arjun Singh,Female,25,Hyderabad,Telangana,Consumer,2024-01-14
C01122,Krishna Mehta,Female,56,Nagpur,Maharashtra,Consumer,2025-01-17
C01123,Anika Das,Female,28,Kochi,Kerala,Consumer,2024-11-25
C01124,Aditya Joshi,Female,20,Bhopal,Madhya Pradesh,Consumer,2024-05-09
C01125,Varun Chopra,Female,20,Jaipur,Rajasthan,Consumer,2025-03-27
C01126,Kabir Patel,Male,31,Bengaluru,Karnataka,Corporate,2024-04-06
C01127,Aarav Agarwal,Male,31,Kolkata,West Bengal,Consumer,2024-01-07
C01128,Anaya Singh,Male,46,Ahmedabad,Gujarat,Consumer,2025-06-04
C01129,Aadhya Shah,Female,25,Ahmedabad,Gujarat,Corporate,2025-01-27
C01130,Reyansh Patel,Female,35,Lucknow,Uttar Pradesh,Small Business,2023-02-16
C01131,Vivaan Patel,Female,55,Jaipur,Rajasthan,Small Business,2025-01-17
C01132,Ishaan Iyer,Male,58,Kolkata,West Bengal,Consumer,2023-11-06
C01133,Aditya Das,Male,44,Delhi,Delhi,Corporate,2024-06-29
C01134,Tanya Das,Male,57,Bhopal,Madhya Pradesh,Consumer,2023-09-23
C01135,Rohan Chopra,Female,57,Indore,Madhya Pradesh,Consumer,2025-01-10
C01136,Ishaan Bansal,Male,34,Jaipur,Rajasthan,Consumer,2023-06-04
C01137,Nisha Khan,Female,62,Pune,Maharashtra,Small Business,2023-06-12
C01138,Kiara Iyer,Female,37,Kochi,Kerala,Corporate,2024-03-31
C01139,Ira Malhotra,Male,38,Mumbai,Maharashtra,Consumer,2024-06-08
C01140,Vivaan Chopra,Female,55,Ahmedabad,Gujarat,Small Business,2025-04-05
C01141,Reyansh Kapoor,Female,26,Surat,Gujarat,Consumer,2023-11-20
C01142,Rahul Das,Female,29,Jaipur,Rajasthan,Consumer,2023-02-05
C01143,Anaya Iyer,Male,47,Indore,Madhya Pradesh,Consumer,2024-11-01
C01144,Karan Kapoor,Male,21,Pune,Maharashtra,Consumer,2025-03-17
C01145,Kiara Nair,Male,31,Kochi,Kerala,Consumer,2025-06-03
C01146,Myra Saxena,Female,35,Hyderabad,Telangana,Consumer,2023-01-04
C01147,Sara Bansal,Female,39,Chennai,Tamil Nadu,Small Business,2024-03-13
C01148,Karan Joshi,Female,47,Bengaluru,Karnataka,Corporate,2024-08-06
C01149,Sara Agarwal,Female,53,Chennai,Tamil Nadu,Consumer,2024-07-30
C01150,Meera Iyer,Male,63,Chandigarh,Chandigarh,Consumer,2023-02-12
C01151,Rohan Sharma,Female,27,Hyderabad,Telangana,Consumer,2025-05-24
C01152,Sara Patel,Female,46,Chandigarh,Chandigarh,Corporate,2023-01-03
C01153,Anaya Verma,Female,59,Mumbai,Maharashtra,Consumer,2024-02-11
C01154,Rohan Malhotra,Male,27,Lucknow,Uttar Pradesh,Consumer,2024-09-05
C01155,Arjun Saxena,Other,60,Mumbai,Maharashtra,Consumer,2023-08-30
C01156,Anaya Mishra,Male,65,Kochi,Kerala,Consumer,2023-08-20
C01157,Rahul Mehta,Female,40,Chennai,Tamil Nadu,Consumer,2025-06-04
C01158,Vivaan Malhotra,Female,53,Surat,Gujarat,Consumer,2023-03-07
C01159,Rahul Singh,Male,64,Bengaluru,Karnataka,Consumer,2024-06-03
C01160,Diya Singh,Female,34,Kolkata,West Bengal,Consumer,2023-09-21
C01161,Myra Gupta,Female,44,Pune,Maharashtra,Consumer,2024-01-21
C01162,Myra Khan,Female,20,Ahmedabad,Gujarat,Consumer,2023-01-05
C01163,Aditya Singh,Male,56,Nagpur,Maharashtra,Consumer,2023-10-22
C01164,Aadhya Khan,Male,52,Indore,Madhya Pradesh,Consumer,2023-06-15
C01165,Riya Patel,Female,45,Chandigarh,Chandigarh,Consumer,2023-04-09
C01166,Kabir Reddy,Female,59,Chennai,Tamil Nadu,Consumer,2024-08-10
C01167,Diya Singh,Male,22,Jaipur,Rajasthan,Consumer,2024-08-12
C01168,Vivaan Agarwal,Male,39,Chennai,Tamil Nadu,Small Business,2024-11-07
C01169,Varun Chopra,Female,38,Pune,Maharashtra,Consumer,2025-06-10
C01170,Anika Malhotra,Female,59,Lucknow,Uttar Pradesh,Consumer,2025-03-08
C01171,Ishaan Sharma,Male,33,Indore,Madhya Pradesh,Small Business,2023-05-07
C01172,Myra Shah,Male,46,Nagpur,Maharashtra,Small Business,2025-01-12
C01173,Aadhya Agarwal,Male,54,Nagpur,Maharashtra,Corporate,2024-10-30
C01174,Reyansh Bansal,Male,33,Indore,Madhya Pradesh,Small Business,2023-09-30
C01175,Reyansh Agarwal,Female,27,Nagpur,Maharashtra,Corporate,2024-06-30
C01176,Ira Nair,Male,53,Chennai,Tamil Nadu,Consumer,2023-10-26
C01177,Ira Nair,Male,50,Kolkata,West Bengal,Consumer,2023-09-11
C01178,Varun Chopra,Female,58,Hyderabad,Telangana,Consumer,2023-03-25
C01179,Vivaan Chopra,Female,52,Kochi,Kerala,Consumer,2023-11-20
C01180,Anika Sharma,Female,64,Nagpur,Maharashtra,Consumer,2023-06-15
C01181,Aadhya Patel,Female,30,Nagpur,Maharashtra,Corporate,2024-09-16
C01182,Anaya Gupta,Female,21,Kolkata,West Bengal,Consumer,2025-04-06
C01183,Nisha Malhotra,Male,22,Ahmedabad,Gujarat,Small Business,2023-11-12
C01184,Aarav Malhotra,Female,62,Bengaluru,Karnataka,Small Business,2024-06-26
C01185,Nisha Patel,Male,34,Bengaluru,Karnataka,Corporate,2023-09-12
C01186,Krishna Patel,Female,31,Bengaluru,Karnataka,Corporate,2024-11-29
C01187,Meera Saxena,Female,57,Chennai,Tamil Nadu,Consumer,2024-09-19
C01188,Vivaan Chopra,Male,58,Bhopal,Madhya Pradesh,Consumer,2023-09-26
C01189,Riya Mishra,Male,53,Kochi,Kerala,Consumer,2024-03-04
C01190,Rohan Patel,Male,48,Kochi,Kerala,Small Business,2024-08-08
C01191,Kabir Reddy,Female,46,Chandigarh,Chandigarh,Consumer,2023-09-16
C01192,Tanya Patel,Female,58,Chandigarh,Chandigarh,Small Business,2023-05-08
C01193,Myra Nair,Female,63,Kolkata,West Bengal,Corporate,2023-02-09
C01194,Tanya Sharma,Female,41,Pune,Maharashtra,Consumer,2025-06-16
C01195,Kiara Bansal,Male,49,Mumbai,Maharashtra,Consumer,2024-10-24
C01196,Meera Mehta,Male,27,Hyderabad,Telangana,Corporate,2023-07-17
C01197,Rohan Khan,Female,27,Nagpur,Maharashtra,Corporate,2024-08-18
C01198,Aditya Mehta,Female,31,Hyderabad,Telangana,Consumer,2025-04-17
C01199,Diya Agarwal,Female,64,Bhopal,Madhya Pradesh,Consumer,2024-07-09
C01200,Aadhya Malhotra,Female,35,Chennai,Tamil Nadu,Consumer,2024-09-11
C01201,Sara Saxena,Female,27,Chennai,Tamil Nadu,Consumer,2023-04-20
C01202,Ira Agarwal,Female,25,Indore,Madhya Pradesh,Consumer,2023-05-28
C01203,Sara Iyer,Male,30,Surat,Gujarat,Consumer,2024-06-18
C01204,Reyansh Mishra,Female,34,Indore,Madhya Pradesh,Small Business,2023-01-29
C01205,Diya Gupta,Female,34,Delhi,Delhi,Consumer,2024-11-18
C01206,Nisha Sharma,Male,24,Delhi,Delhi,Small Business,2024-08-04
C01207,Kabir Iyer,Male,62,Chandigarh,Chandigarh,Consumer,2023-01-11
C01208,Diya Iyer,Female,35,Chandigarh,Chandigarh,Consumer,2024-10-20
C01209,Sara Iyer,Male,27,Ahmedabad,Gujarat,Consumer,2023-03-08
C01210,Arjun Agarwal,Male,18,Kochi,Kerala,Small Business,2024-10-26
C01211,Myra Kapoor,Female,57,Hyderabad,Telangana,Consumer,2024-08-20
C01212,Diya Verma,Male,42,Delhi,Delhi,Consumer,2024-11-03
C01213,Karan Reddy,Female,43,Lucknow,Uttar Pradesh,Corporate,2024-01-25
C01214,Reyansh Gupta,Male,48,Mumbai,Maharashtra,Consumer,2023-04-10
C01215,Nisha Mishra,Male,20,Chennai,Tamil Nadu,Corporate,2024-02-22
C01216,Arjun Reddy,Female,35,Jaipur,Rajasthan,Consumer,2024-07-23
C01217,Kiara Reddy,Male,27,Kochi,Kerala,Consumer,2025-04-09
C01218,Krishna Verma,Male,49,Ahmedabad,Gujarat,Consumer,2025-06-17
C01219,Aditya Sharma,Female,34,Kolkata,West Bengal,Small Business,2023-08-23
C01220,Rohan Khan,Female,48,Surat,Gujarat,Corporate,2024-01-06
C01221,Sara Malhotra,Female,49,Surat,Gujarat,Consumer,2024-02-19
C01222,Rahul Agarwal,Other,32,Chennai,Tamil Nadu,Consumer,2023-10-03
C01223,Ira Kapoor,Male,26,Bhopal,Madhya Pradesh,Consumer,2024-02-24
C01224,Anika Malhotra,Female,19,Bhopal,Madhya Pradesh,Consumer,2023-06-01
C01225,Rahul Khan,Female,46,Bengaluru,Karnataka,Consumer,2023-03-20
C01226,Myra Mishra,Female,27,Pune,Maharashtra,Consumer,2025-06-02
C01227,Myra Mehta,Male,24,Ahmedabad,Gujarat,Consumer,2023-09-15
C01228,Krishna Singh,Male,20,Kolkata,West Bengal,Small Business,2023-09-11
C01229,Karan Malhotra,Male,27,Bengaluru,Karnataka,Corporate,2024-10-18
C01230,Anaya Shah,Male,58,Bhopal,Madhya Pradesh,Corporate,2023-11-09
C01231,Aadhya Khan,Male,32,Ahmedabad,Gujarat,Consumer,2024-10-30
C01232,Aarav Verma,Male,18,Nagpur,Maharashtra,Consumer,2024-06-22
C01233,Aarav Bansal,Other,31,Lucknow,Uttar Pradesh,Corporate,2024-11-21
C01234,Riya Gupta,Female,64,Ahmedabad,Gujarat,Consumer,2023-02-27
C01235,Kiara Mehta,Male,49,Hyderabad,Telangana,Consumer,2024-05-18
C01236,Kabir Malhotra,Female,30,Chandigarh,Chandigarh,Consumer,2025-04-16
C01237,Anika Gupta,Male,26,Chennai,Tamil Nadu,Consumer,2024-07-08
C01238,Anika Nair,Female,45,Bengaluru,Karnataka,Consumer,2025-03-02
C01239,Tanya Sharma,Male,42,Chandigarh,Chandigarh,Consumer,2023-01-04
C01240,Arjun Gupta,Male,29,Nagpur,Maharashtra,Corporate,2025-02-04
C01241,Myra Saxena,Female,36,Jaipur,Rajasthan,Corporate,2024-10-27
C01242,Meera Patel,Male,21,Nagpur,Maharashtra,Consumer,2023-09-23
C01243,Karan Chopra,Male,38,Kolkata,West Bengal,Consumer,2024-06-01
C01244,Aarav Reddy,Male,50,Lucknow,Uttar Pradesh,Consumer,2025-04-03
C01245,Reyansh Bansal,Male,40,Jaipur,Rajasthan,Consumer,2023-09-18
C01246,Rohan Shah,Male,38,Surat,Gujarat,Consumer,2024-05-15
C01247,Myra Bansal,Male,38,Jaipur,Rajasthan,Consumer,2024-02-12
C01248,Meera Khan,Male,39,Chennai,Tamil Nadu,Consumer,2024-07-18
C01249,Arjun Patel,Male,58,Mumbai,Maharashtra,Consumer,2024-07-23
C01250,Diya Kapoor,Male,25,Chennai,Tamil Nadu,Consumer,2024-07-07
C01251,Rohan Chopra,Male,53,Pune,Maharashtra,Consumer,2024-07-31
C01252,Kabir Singh,Female,64,Kolkata,West Bengal,Consumer,2024-01-14
C01253,Rahul Gupta,Female,50,Kolkata,West Bengal,Corporate,2024-03-17
C01254,Vivaan Mehta,Female,23,Lucknow,Uttar Pradesh,Corporate,2024-12-18
C01255,Vivaan Agarwal,Female,47,Chennai,Tamil Nadu,Consumer,2025-01-11
C01256,Vivaan Das,Female,65,Kolkata,West Bengal,Consumer,2025-03-06
C01257,Meera Bansal,Female,35,Hyderabad,Telangana,Consumer,2024-09-27
C01258,Rohan Khan,Female,55,Kochi,Kerala,Consumer,2024-11-03
C01259,Sara Sharma,Female,43,Chennai,Tamil Nadu,Consumer,2025-06-12
C01260,Riya Reddy,Male,34,Chennai,Tamil Nadu,Corporate,2024-08-14
C01261,Varun Chopra,Female,59,Lucknow,Uttar Pradesh,Consumer,2023-07-25
C01262,Sara Chopra,Female,65,Surat,Gujarat,Corporate,2024-06-04
C01263,Aadhya Agarwal,Female,59,Bhopal,Madhya Pradesh,Consumer,2024-11-03
C01264,Kiara Nair,Female,54,Kolkata,West Bengal,Consumer,2023-03-04
C01265,Varun Khan,Male,60,Mumbai,Maharashtra,Consumer,2023-08-06
C01266,Sara Joshi,Male,18,Bhopal,Madhya Pradesh,Consumer,2023-09-19
C01267,Kiara Reddy,Female,58,Chandigarh,Chandigarh,Corporate,2023-02-09
C01268,Aditya Iyer,Male,49,Mumbai,Maharashtra,Consumer,2024-04-27
C01269,Tanya Reddy,Female,58,Ahmedabad,Gujarat,Consumer,2024-05-03
C01270,Nisha Nair,Other,64,Jaipur,Rajasthan,Consumer,2024-09-09
C01271,Aadhya Mehta,Other,57,Jaipur,Rajasthan,Consumer,2025-05-27
C01272,Aditya Mishra,Female,32,Kochi,Kerala,Small Business,2023-03-03
C01273,Varun Iyer,Male,60,Kochi,Kerala,Consumer,2024-01-07
C01274,Rohan Malhotra,Female,46,Chennai,Tamil Nadu,Corporate,2025-03-08
C01275,Nisha Nair,Male,25,Kochi,Kerala,Consumer,2025-05-16
C01276,Riya Verma,Female,29,Surat,Gujarat,Corporate,2024-10-09
C01277,Rahul Khan,Male,61,Chennai,Tamil Nadu,Consumer,2023-01-03
C01278,Reyansh Reddy,Other,20,Nagpur,Maharashtra,Consumer,2025-05-20
C01279,Nisha Agarwal,Male,54,Chennai,Tamil Nadu,Consumer,2023-10-20
C01280,Kiara Singh,Male,38,Bengaluru,Karnataka,Consumer,2023-08-04
C01281,Riya Verma,Male,61,Hyderabad,Telangana,Small Business,2025-01-09
C01282,Myra Saxena,Female,58,Kolkata,West Bengal,Consumer,2024-07-08
C01283,Tanya Mishra,Male,56,Bhopal,Madhya Pradesh,Consumer,2025-06-02
C01284,Sara Malhotra,Female,51,Hyderabad,Telangana,Consumer,2024-09-29
C01285,Anaya Mishra,Other,22,Bhopal,Madhya Pradesh,Small Business,2023-06-14
C01286,Myra Gupta,Female,22,Bhopal,Madhya Pradesh,Small Business,2024-10-25
C01287,Varun Iyer,Female,56,Kochi,Kerala,Corporate,2023-04-15
C01288,Riya Malhotra,Female,61,Bengaluru,Karnataka,Corporate,2024-11-25
C01289,Anika Joshi,Male,61,Lucknow,Uttar Pradesh,Consumer,2025-03-12
C01290,Aadhya Khan,Male,53,Lucknow,Uttar Pradesh,Consumer,2024-05-22
C01291,Anaya Mishra,Male,51,Surat,Gujarat,Consumer,2023-10-31
C01292,Nisha Iyer,Female,48,Jaipur,Rajasthan,Corporate,2024-09-03
C01293,Myra Joshi,Female,56,Lucknow,Uttar Pradesh,Consumer,2023-10-28
C01294,Anaya Malhotra,Male,32,Kolkata,West Bengal,Corporate,2025-01-30
C01295,Aditya Mehta,Female,35,Ahmedabad,Gujarat,Corporate,2024-10-17
C01296,Krishna Malhotra,Male,36,Jaipur,Rajasthan,Consumer,2024-08-26
C01297,Tanya Malhotra,Male,49,Pune,Maharashtra,Consumer,2025-03-29
C01298,Rahul Nair,Male,21,Jaipur,Rajasthan,Consumer,2023-06-28
C01299,Karan Malhotra,Male,30,Lucknow,Uttar Pradesh,Consumer,2023-04-05
C01300,Rohan Mishra,Female,51,Nagpur,Maharashtra,Corporate,2023-04-01
C01301,Riya Das,Female,59,Bhopal,Madhya Pradesh,Consumer,2024-01-19
C01302,Vivaan Chopra,Male,49,Bhopal,Madhya Pradesh,Consumer,2024-04-07
C01303,Karan Kapoor,Female,46,Ahmedabad,Gujarat,Corporate,2024-09-16
C01304,Meera Das,Female,35,Chandigarh,Chandigarh,Corporate,2025-01-13
C01305,Aditya Gupta,Male,27,Hyderabad,Telangana,Consumer,2024-06-03
C01306,Aditya Shah,Female,23,Bengaluru,Karnataka,Consumer,2024-03-06
C01307,Diya Mehta,Female,52,Delhi,Delhi,Consumer,2023-07-12
C01308,Krishna Shah,Male,35,Kochi,Kerala,Consumer,2024-03-19
C01309,Aadhya Kapoor,Male,25,Ahmedabad,Gujarat,Consumer,2023-04-16
C01310,Varun Iyer,Male,43,Lucknow,Uttar Pradesh,Consumer,2025-02-01
C01311,Riya Khan,Male,23,Chennai,Tamil Nadu,Consumer,2025-05-14
C01312,Vivaan Singh,Female,51,Bhopal,Madhya Pradesh,Corporate,2023-05-05
C01313,Tanya Shah,Male,60,Chennai,Tamil Nadu,Corporate,2024-06-06
C01314,Kabir Khan,Other,45,Bengaluru,Karnataka,Consumer,2023-04-05
C01315,Ira Kapoor,Male,30,Chandigarh,Chandigarh,Corporate,2025-03-05
C01316,Nisha Khan,Female,43,Bhopal,Madhya Pradesh,Consumer,2024-02-24
C01317,Arjun Mishra,Male,32,Bhopal,Madhya Pradesh,Consumer,2024-03-26
C01318,Tanya Mishra,Male,29,Bhopal,Madhya Pradesh,Small Business,2023-02-11
C01319,Anika Singh,Female,32,Bhopal,Madhya Pradesh,Consumer,2023-07-25
C01320,Ira Sharma,Female,48,Hyderabad,Telangana,Corporate,2024-08-13
C01321,Krishna Saxena,Female,46,Chandigarh,Chandigarh,Corporate,2025-03-13
C01322,Aarav Shah,Female,43,Chennai,Tamil Nadu,Consumer,2024-08-23
C01323,Nisha Saxena,Female,34,Surat,Gujarat,Consumer,2025-01-19
C01324,Vivaan Joshi,Male,56,Kolkata,West Bengal,Consumer,2024-05-06
C01325,Diya Saxena,Female,32,Pune,Maharashtra,Consumer,2025-06-04
C01326,Myra Mehta,Male,28,Chennai,Tamil Nadu,Corporate,2023-08-05
C01327,Arjun Kapoor,Male,47,Pune,Maharashtra,Consumer,2023-12-16
C01328,Vivaan Mishra,Other,26,Jaipur,Rajasthan,Consumer,2025-05-22
C01329,Riya Khan,Female,34,Pune,Maharashtra,Corporate,2025-03-26
C01330,Sara Gupta,Male,47,Jaipur,Rajasthan,Corporate,2023-10-30
C01331,Riya Agarwal,Female,20,Lucknow,Uttar Pradesh,Small Business,2025-05-08
C01332,Myra Chopra,Male,50,Mumbai,Maharashtra,Small Business,2025-05-17
C01333,Varun Bansal,Male,36,Mumbai,Maharashtra,Corporate,2023-02-26
C01334,Rahul Agarwal,Female,21,Bhopal,Madhya Pradesh,Consumer,2023-04-17
C01335,Ira Mehta,Male,20,Jaipur,Rajasthan,Corporate,2025-06-02
C01336,Rahul Agarwal,Male,36,Kochi,Kerala,Corporate,2024-11-15
C01337,Karan Sharma,Female,48,Bengaluru,Karnataka,Consumer,2025-06-10
C01338,Arjun Patel,Male,51,Bhopal,Madhya Pradesh,Small Business,2025-05-03
C01339,Sara Nair,Male,24,Indore,Madhya Pradesh,Corporate,2023-04-05
C01340,Rahul Khan,Female,45,Bengaluru,Karnataka,Consumer,2025-04-11
C01341,Diya Agarwal,Female,39,Delhi,Delhi,Consumer,2025-04-03
C01342,Varun Agarwal,Male,26,Surat,Gujarat,Consumer,2023-09-14
C01343,Tanya Patel,Female,39,Kolkata,West Bengal,Corporate,2025-01-09
C01344,Varun Khan,Female,57,Jaipur,Rajasthan,Consumer,2023-12-20
C01345,Kabir Kapoor,Female,42,Kolkata,West Bengal,Consumer,2023-02-19
C01346,Rahul Khan,Female,35,Hyderabad,Telangana,Consumer,2023-02-04
C01347,Anika Bansal,Male,56,Hyderabad,Telangana,Corporate,2025-03-02
C01348,Aadhya Kapoor,Female,57,Bengaluru,Karnataka,Small Business,2023-10-27
C01349,Kabir Shah,Female,28,Kochi,Kerala,Consumer,2023-10-28
C01350,Karan Verma,Female,19,Delhi,Delhi,Corporate,2023-06-14
C01351,Aditya Joshi,Female,48,Indore,Madhya Pradesh,Consumer,2023-04-07
C01352,Rahul Verma,Female,23,Hyderabad,Telangana,Consumer,2024-05-30
C01353,Karan Verma,Male,56,Chandigarh,Chandigarh,Consumer,2025-02-04
C01354,Anaya Sharma,Female,20,Indore,Madhya Pradesh,Consumer,2023-04-15
C01355,Arjun Chopra,Female,64,Bengaluru,Karnataka,Consumer,2023-02-19
C01356,Sara Sharma,Female,43,Chandigarh,Chandigarh,Consumer,2024-05-12
C01357,Ira Iyer,Female,58,Chennai,Tamil Nadu,Small Business,2023-08-02
C01358,Varun Sharma,Female,62,Bengaluru,Karnataka,Consumer,2024-06-24
C01359,Sara Agarwal,Male,30,Ahmedabad,Gujarat,Consumer,2023-03-08
C01360,Nisha Shah,Female,43,Kolkata,West Bengal,Consumer,2025-02-15
C01361,Krishna Verma,Male,35,Jaipur,Rajasthan,Consumer,2025-06-07
C01362,Vivaan Singh,Female,64,Pune,Maharashtra,Consumer,2023-01-05
C01363,Aarav Gupta,Male,31,Mumbai,Maharashtra,Corporate,2023-09-22
C01364,Ishaan Kapoor,Female,31,Pune,Maharashtra,Consumer,2025-05-11
C01365,Rahul Mehta,Female,39,Bengaluru,Karnataka,Consumer,2024-12-04
C01366,Aditya Shah,Male,51,Chandigarh,Chandigarh,Corporate,2024-08-08
C01367,Meera Malhotra,Male,62,Indore,Madhya Pradesh,Corporate,2023-09-18
C01368,Meera Mehta,Female,58,Pune,Maharashtra,Consumer,2024-01-16
C01369,Ira Shah,Female,20,Jaipur,Rajasthan,Small Business,2023-05-18
C01370,Riya Sharma,Female,27,Jaipur,Rajasthan,Small Business,2024-05-28
C01371,Rahul Saxena,Female,46,Chandigarh,Chandigarh,Consumer,2023-01-09
C01372,Riya Saxena,Female,44,Nagpur,Maharashtra,Consumer,2023-12-19
C01373,Nisha Patel,Male,65,Hyderabad,Telangana,Consumer,2025-05-24
C01374,Anaya Das,Female,64,Kolkata,West Bengal,Corporate,2024-04-20
C01375,Kiara Saxena,Male,27,Chandigarh,Chandigarh,Corporate,2023-04-27
C01376,Ishaan Mishra,Male,20,Lucknow,Uttar Pradesh,Consumer,2025-01-25
C01377,Rohan Mehta,Female,41,Jaipur,Rajasthan,Consumer,2024-03-01
C01378,Nisha Chopra,Female,64,Bengaluru,Karnataka,Consumer,2025-06-09
C01379,Diya Shah,Female,44,Chennai,Tamil Nadu,Consumer,2025-01-29
C01380,Riya Agarwal,Female,62,Kolkata,West Bengal,Corporate,2023-01-29
C01381,Sara Sharma,Female,53,Ahmedabad,Gujarat,Consumer,2025-03-23
C01382,Krishna Kapoor,Male,34,Bengaluru,Karnataka,Consumer,2024-09-18
C01383,Sara Patel,Female,39,Kolkata,West Bengal,Consumer,2023-02-12
C01384,Arjun Bansal,Female,58,Jaipur,Rajasthan,Consumer,2024-03-12
C01385,Krishna Shah,Male,38,Ahmedabad,Gujarat,Consumer,2025-05-16
C01386,Tanya Iyer,Female,22,Hyderabad,Telangana,Consumer,2023-03-09
C01387,Tanya Saxena,Male,58,Mumbai,Maharashtra,Corporate,2023-01-21
C01388,Reyansh Patel,Male,24,Delhi,Delhi,Consumer,2023-05-31
C01389,Ishaan Reddy,Male,64,Chandigarh,Chandigarh,Consumer,2023-06-07
C01390,Tanya Mehta,Female,33,Hyderabad,Telangana,Small Business,2023-11-18
C01391,Ira Reddy,Female,49,Nagpur,Maharashtra,Consumer,2024-10-04
C01392,Krishna Verma,Female,49,Surat,Gujarat,Corporate,2023-02-18
C01393,Meera Shah,Female,58,Pune,Maharashtra,Corporate,2024-02-27
C01394,Aarav Mehta,Female,21,Delhi,Delhi,Consumer,2023-07-19
C01395,Tanya Sharma,Male,19,Mumbai,Maharashtra,Consumer,2024-08-14
C01396,Anika Mehta,Female,36,Indore,Madhya Pradesh,Consumer,2024-11-23
C01397,Nisha Agarwal,Male,22,Ahmedabad,Gujarat,Consumer,2024-12-03
C01398,Sara Singh,Female,35,Nagpur,Maharashtra,Corporate,2025-03-12
C01399,Rohan Reddy,Other,61,Bhopal,Madhya Pradesh,Consumer,2023-04-12
C01400,Tanya Malhotra,Male,54,Kochi,Kerala,Small Business,2023-09-08
C01401,Tanya Singh,Male,41,Surat,Gujarat,Consumer,2023-11-01
C01402,Meera Iyer,Male,39,Mumbai,Maharashtra,Consumer,2025-02-02
C01403,Aarav Mishra,Male,25,Bhopal,Madhya Pradesh,Small Business,2025-03-09
C01404,Arjun Gupta,Male,21,Indore,Madhya Pradesh,Corporate,2024-04-23
C01405,Rohan Shah,Female,46,Chandigarh,Chandigarh,Consumer,2024-10-25
C01406,Rahul Kapoor,Male,35,Mumbai,Maharashtra,Corporate,2023-06-15
C01407,Meera Bansal,Female,37,Chennai,Tamil Nadu,Consumer,2023-03-14
C01408,Karan Kapoor,Female,58,Jaipur,Rajasthan,Consumer,2024-11-02
C01409,Ishaan Patel,Female,34,Jaipur,Rajasthan,Corporate,2024-04-19
C01410,Rahul Das,Male,34,Surat,Gujarat,Consumer,2024-02-11
C01411,Rohan Chopra,Male,63,Nagpur,Maharashtra,Consumer,2024-10-27
C01412,Riya Reddy,Male,22,Kochi,Kerala,Consumer,2024-11-17
C01413,Nisha Kapoor,Female,41,Surat,Gujarat,Small Business,2023-04-03
C01414,Sara Iyer,Female,24,Ahmedabad,Gujarat,Consumer,2024-07-29
C01415,Diya Gupta,Female,59,Nagpur,Maharashtra,Consumer,2023-07-31
C01416,Reyansh Agarwal,Male,39,Jaipur,Rajasthan,Consumer,2025-03-04
C01417,Kabir Das,Female,51,Pune,Maharashtra,Consumer,2023-11-22
C01418,Kabir Saxena,Female,57,Surat,Gujarat,Corporate,2024-02-21
C01419,Arjun Nair,Male,49,Pune,Maharashtra,Consumer,2023-06-19
C01420,Rohan Joshi,Female,62,Chennai,Tamil Nadu,Consumer,2025-05-28
C01421,Diya Gupta,Female,48,Jaipur,Rajasthan,Consumer,2023-12-06
C01422,Kiara Verma,Male,40,Kochi,Kerala,Consumer,2023-05-20
C01423,Sara Iyer,Female,25,Surat,Gujarat,Consumer,2023-03-16
C01424,Sara Mehta,Male,48,Hyderabad,Telangana,Consumer,2025-05-15
C01425,Diya Chopra,Female,28,Bengaluru,Karnataka,Corporate,2024-04-18
C01426,Diya Shah,Male,62,Nagpur,Maharashtra,Consumer,2023-05-22
C01427,Kabir Singh,Male,60,Mumbai,Maharashtra,Consumer,2024-07-12
C01428,Sara Saxena,Male,30,Chandigarh,Chandigarh,Consumer,2023-03-14
C01429,Ishaan Gupta,Female,36,Hyderabad,Telangana,Consumer,2025-04-13
C01430,Aadhya Bansal,Female,46,Ahmedabad,Gujarat,Consumer,2025-04-04
C01431,Anika Agarwal,Female,42,Mumbai,Maharashtra,Small Business,2023-08-09
C01432,Ira Mishra,Male,48,Ahmedabad,Gujarat,Corporate,2025-01-24
C01433,Rahul Singh,Male,25,Delhi,Delhi,Consumer,2023-01-09
C01434,Riya Agarwal,Female,20,Kochi,Kerala,Consumer,2023-09-14
C01435,Diya Kapoor,Male,50,Chennai,Tamil Nadu,Consumer,2023-03-30
C01436,Meera Iyer,Male,62,Jaipur,Rajasthan,Corporate,2023-07-22
C01437,Kabir Mishra,Male,30,Indore,Madhya Pradesh,Small Business,2023-11-19
C01438,Krishna Nair,Male,55,Indore,Madhya Pradesh,Consumer,2025-02-18
C01439,Vivaan Chopra,Male,65,Kochi,Kerala,Consumer,2023-01-07
C01440,Vivaan Reddy,Female,41,Kochi,Kerala,Consumer,2023-08-11
C01441,Riya Khan,Male,40,Mumbai,Maharashtra,Corporate,2023-01-04
C01442,Varun Mishra,Female,18,Surat,Gujarat,Consumer,2024-08-16
C01443,Ishaan Das,Male,30,Pune,Maharashtra,Corporate,2024-06-06
C01444,Arjun Malhotra,Female,49,Bhopal,Madhya Pradesh,Consumer,2024-02-02
C01445,Reyansh Agarwal,Male,46,Hyderabad,Telangana,Consumer,2023-08-26
C01446,Ira Joshi,Male,27,Surat,Gujarat,Small Business,2023-02-06
C01447,Ishaan Sharma,Male,46,Chandigarh,Chandigarh,Corporate,2023-01-09
C01448,Arjun Khan,Male,27,Bengaluru,Karnataka,Consumer,2023-05-15
C01449,Anika Mishra,Female,49,Surat,Gujarat,Consumer,2023-02-28
C01450,Varun Singh,Female,61,Ahmedabad,Gujarat,Consumer,2023-07-17
C01451,Arjun Das,Female,32,Hyderabad,Telangana,Consumer,2023-07-29
C01452,Aditya Kapoor,Other,32,Chennai,Tamil Nadu,Consumer,2024-09-26
C01453,Sara Patel,Female,26,Jaipur,Rajasthan,Consumer,2023-02-01
C01454,Sara Reddy,Male,26,Indore,Madhya Pradesh,Small Business,2023-08-11
C01455,Meera Joshi,Male,30,Chandigarh,Chandigarh,Consumer,2023-02-16
C01456,Ira Sharma,Female,32,Indore,Madhya Pradesh,Consumer,2025-02-16
C01457,Aditya Iyer,Female,21,Surat,Gujarat,Consumer,2024-01-29
C01458,Rahul Saxena,Male,49,Bengaluru,Karnataka,Consumer,2023-07-26
C01459,Myra Agarwal,Male,23,Mumbai,Maharashtra,Consumer,2025-04-18
C01460,Riya Mishra,Male,47,Lucknow,Uttar Pradesh,Small Business,2024-07-08
C01461,Kabir Saxena,Male,43,Delhi,Delhi,Consumer,2023-11-18
C01462,Diya Singh,Female,63,Lucknow,Uttar Pradesh,Small Business,2024-11-12
C01463,Aarav Das,Male,57,Pune,Maharashtra,Corporate,2023-08-04
C01464,Reyansh Malhotra,Female,45,Ahmedabad,Gujarat,Small Business,2023-01-04
C01465,Rahul Nair,Female,42,Pune,Maharashtra,Corporate,2024-01-02
C01466,Diya Malhotra,Other,55,Kochi,Kerala,Consumer,2023-11-11
C01467,Rohan Kapoor,Female,22,Kolkata,West Bengal,Consumer,2025-01-31
C01468,Aditya Das,Female,57,Chennai,Tamil Nadu,Consumer,2024-10-20
C01469,Kiara Nair,Female,28,Mumbai,Maharashtra,Consumer,2024-03-25
C01470,Meera Patel,Male,25,Chennai,Tamil Nadu,Small Business,2023-04-11
C01471,Meera Gupta,Male,37,Chennai,Tamil Nadu,Consumer,2023-01-15
C01472,Ishaan Bansal,Female,29,Kochi,Kerala,Consumer,2023-01-03
C01473,Kiara Sharma,Male,61,Hyderabad,Telangana,Consumer,2023-11-30
C01474,Reyansh Agarwal,Male,47,Indore,Madhya Pradesh,Small Business,2023-02-24
C01475,Anika Bansal,Female,56,Hyderabad,Telangana,Consumer,2025-04-13
C01476,Riya Malhotra,Female,49,Kochi,Kerala,Corporate,2023-01-22
C01477,Kiara Singh,Male,34,Indore,Madhya Pradesh,Consumer,2023-01-14
C01478,Vivaan Kapoor,Male,26,Delhi,Delhi,Corporate,2023-10-08
C01479,Ira Das,Male,50,Chandigarh,Chandigarh,Consumer,2025-04-06
C01480,Aadhya Gupta,Male,44,Lucknow,Uttar Pradesh,Consumer,2024-12-10
C01481,Diya Malhotra,Female,60,Indore,Madhya Pradesh,Corporate,2025-04-21
C01482,Ishaan Mishra,Male,63,Indore,Madhya Pradesh,Consumer,2024-03-05
C01483,Rohan Iyer,Female,35,Delhi,Delhi,Consumer,2024-03-08
C01484,Diya Chopra,Female,34,Chandigarh,Chandigarh,Small Business,2024-01-28
C01485,Anika Sharma,Male,39,Mumbai,Maharashtra,Small Business,2024-03-19
C01486,Kiara Sharma,Female,33,Bhopal,Madhya Pradesh,Small Business,2023-11-14
C01487,Tanya Nair,Male,44,Pune,Maharashtra,Consumer,2024-11-26
C01488,Vivaan Mehta,Male,35,Surat,Gujarat,Consumer,2024-02-15
C01489,Meera Malhotra,Male,23,Ahmedabad,Gujarat,Consumer,2025-04-03
C01490,Krishna Kapoor,Other,20,Lucknow,Uttar Pradesh,Consumer,2023-04-21
C01491,Rohan Shah,Male,26,Kolkata,West Bengal,Consumer,2024-01-22
C01492,Arjun Mehta,Male,60,Bengaluru,Karnataka,Corporate,2023-10-08
C01493,Aarav Chopra,Male,58,Kolkata,West Bengal,Corporate,2024-04-17
C01494,Anika Agarwal,Female,19,Ahmedabad,Gujarat,Consumer,2023-12-08
C01495,Vivaan Gupta,Female,38,Pune,Maharashtra,Consumer,2023-08-14
C01496,Ishaan Gupta,Male,49,Kochi,Kerala,Consumer,2024-12-26
C01497,Nisha Nair,Female,56,Hyderabad,Telangana,Small Business,2023-05-07
C01498,Aarav Reddy,Male,36,Lucknow,Uttar Pradesh,Consumer,2023-10-26
C01499,Arjun Agarwal,Female,20,Chennai,Tamil Nadu,Consumer,2023-11-19
C01500,Aditya Agarwal,Male,55,Lucknow,Uttar Pradesh,Corporate,2024-02-14
C01501,Reyansh Sharma,Male,31,Kolkata,West Bengal,Small Business,2024-03-08
C01502,Diya Iyer,Male,32,Mumbai,Maharashtra,Consumer,2025-03-07
C01503,Rohan Singh,Male,20,Nagpur,Maharashtra,Small Business,2025-05-13
C01504,Riya Saxena,Male,19,Pune,Maharashtra,Consumer,2025-01-18
C01505,Myra Iyer,Female,36,Chennai,Tamil Nadu,Consumer,2025-03-14
C01506,Myra Reddy,Male,43,Nagpur,Maharashtra,Consumer,2023-12-13
C01507,Vivaan Joshi,Male,35,Hyderabad,Telangana,Consumer,2023-03-03
C01508,Aadhya Bansal,Female,45,Lucknow,Uttar Pradesh,Consumer,2024-08-12
C01509,Aditya Shah,Male,52,Chandigarh,Chandigarh,Corporate,2023-11-11
C01510,Anaya Khan,Male,49,Pune,Maharashtra,Corporate,2024-06-07
C01511,Reyansh Bansal,Female,55,Jaipur,Rajasthan,Consumer,2025-05-06
C01512,Arjun Shah,Male,32,Kolkata,West Bengal,Consumer,2024-03-19
C01513,Aarav Nair,Male,55,Chennai,Tamil Nadu,Small Business,2024-09-04
C01514,Diya Nair,Female,48,Kochi,Kerala,Consumer,2023-09-15
C01515,Aditya Gupta,Female,42,Indore,Madhya Pradesh,Corporate,2024-06-11
C01516,Reyansh Gupta,Other,35,Mumbai,Maharashtra,Small Business,2024-08-15
C01517,Kabir Shah,Male,19,Ahmedabad,Gujarat,Consumer,2024-10-23
C01518,Aarav Chopra,Male,22,Bhopal,Madhya Pradesh,Consumer,2024-11-01
C01519,Ira Chopra,Other,30,Mumbai,Maharashtra,Consumer,2025-04-03
C01520,Arjun Kapoor,Male,34,Delhi,Delhi,Small Business,2025-06-04
C01521,Meera Mishra,Male,65,Jaipur,Rajasthan,Consumer,2023-08-19
C01522,Kiara Khan,Female,21,Mumbai,Maharashtra,Consumer,2024-01-11
C01523,Aadhya Das,Female,65,Pune,Maharashtra,Corporate,2024-02-23
C01524,Aadhya Malhotra,Female,56,Bengaluru,Karnataka,Consumer,2023-07-30
C01525,Kiara Singh,Female,23,Hyderabad,Telangana,Small Business,2023-11-30
C01526,Aditya Verma,Male,32,Pune,Maharashtra,Consumer,2023-11-16
C01527,Riya Sharma,Male,49,Ahmedabad,Gujarat,Corporate,2023-12-07
C01528,Ira Malhotra,Female,24,Ahmedabad,Gujarat,Consumer,2023-07-23
C01529,Karan Sharma,Male,33,Surat,Gujarat,Consumer,2025-05-20
C01530,Vivaan Nair,Female,22,Chandigarh,Chandigarh,Small Business,2024-12-22
C01531,Meera Das,Female,38,Surat,Gujarat,Consumer,2024-02-01
C01532,Anika Kapoor,Female,64,Lucknow,Uttar Pradesh,Consumer,2023-02-27
C01533,Krishna Mehta,Male,23,Mumbai,Maharashtra,Consumer,2025-02-17
C01534,Kiara Joshi,Female,55,Nagpur,Maharashtra,Corporate,2024-04-19
C01535,Rahul Malhotra,Male,40,Mumbai,Maharashtra,Corporate,2025-01-18
C01536,Tanya Iyer,Female,38,Nagpur,Maharashtra,Consumer,2024-11-03
C01537,Ira Saxena,Male,53,Kolkata,West Bengal,Small Business,2025-04-10
C01538,Anaya Sharma,Female,51,Chandigarh,Chandigarh,Corporate,2024-06-19
C01539,Arjun Khan,Male,38,Lucknow,Uttar Pradesh,Consumer,2023-07-20
C01540,Reyansh Malhotra,Male,23,Chennai,Tamil Nadu,Small Business,2023-10-06
C01541,Riya Singh,Male,52,Kolkata,West Bengal,Corporate,2024-09-09
C01542,Anika Sharma,Male,60,Indore,Madhya Pradesh,Consumer,2024-05-22
C01543,Rahul Kapoor,Male,51,Chennai,Tamil Nadu,Consumer,2023-09-20
C01544,Kiara Das,Male,58,Kolkata,West Bengal,Corporate,2024-10-13
C01545,Varun Mishra,Male,60,Bhopal,Madhya Pradesh,Small Business,2023-12-09
C01546,Aditya Nair,Male,19,Chandigarh,Chandigarh,Consumer,2024-03-05
C01547,Varun Bansal,Male,35,Bengaluru,Karnataka,Consumer,2023-10-28
C01548,Reyansh Khan,Female,50,Lucknow,Uttar Pradesh,Consumer,2023-03-28
C01549,Krishna Joshi,Male,26,Bhopal,Madhya Pradesh,Consumer,2024-10-24
C01550,Nisha Nair,Female,58,Pune,Maharashtra,Consumer,2025-05-06
C01551,Tanya Sharma,Female,57,Indore,Madhya Pradesh,Corporate,2023-01-03
C01552,Riya Chopra,Other,45,Nagpur,Maharashtra,Corporate,2023-09-04
C01553,Varun Malhotra,Male,48,Nagpur,Maharashtra,Consumer,2023-03-13
C01554,Aarav Bansal,Female,21,Delhi,Delhi,Small Business,2023-08-20
C01555,Ishaan Joshi,Male,56,Kochi,Kerala,Corporate,2024-04-19
C01556,Aadhya Nair,Male,37,Bhopal,Madhya Pradesh,Small Business,2024-10-30
C01557,Sara Bansal,Male,43,Hyderabad,Telangana,Consumer,2025-01-22
C01558,Tanya Gupta,Female,45,Delhi,Delhi,Consumer,2024-04-20
C01559,Karan Das,Male,18,Lucknow,Uttar Pradesh,Consumer,2025-01-10
C01560,Varun Joshi,Female,43,Kolkata,West Bengal,Consumer,2023-01-25
C01561,Sara Das,Female,65,Jaipur,Rajasthan,Consumer,2024-06-19
C01562,Aditya Singh,Male,21,Jaipur,Rajasthan,Consumer,2023-08-14
C01563,Varun Nair,Female,18,Kochi,Kerala,Consumer,2024-02-15
C01564,Aditya Joshi,Male,26,Bengaluru,Karnataka,Corporate,2023-04-03
C01565,Ishaan Nair,Male,62,Hyderabad,Telangana,Consumer,2023-12-31
C01566,Aditya Shah,Other,65,Hyderabad,Telangana,Consumer,2025-05-16
C01567,Kabir Malhotra,Female,42,Kolkata,West Bengal,Small Business,2023-10-26
C01568,Krishna Joshi,Female,19,Pune,Maharashtra,Consumer,2023-04-23
C01569,Kabir Nair,Male,24,Surat,Gujarat,Consumer,2024-02-02
C01570,Reyansh Nair,Female,24,Delhi,Delhi,Consumer,2023-02-25
C01571,Arjun Iyer,Male,52,Surat,Gujarat,Consumer,2023-01-14
C01572,Riya Verma,Female,47,Chandigarh,Chandigarh,Consumer,2023-10-01
C01573,Krishna Khan,Female,40,Kolkata,West Bengal,Small Business,2023-12-26
C01574,Aditya Kapoor,Male,30,Nagpur,Maharashtra,Corporate,2025-01-25
C01575,Rohan Singh,Male,48,Nagpur,Maharashtra,Corporate,2023-07-11
C01576,Ishaan Gupta,Female,36,Bengaluru,Karnataka,Consumer,2024-03-07
C01577,Sara Iyer,Male,54,Ahmedabad,Gujarat,Consumer,2024-07-09
C01578,Myra Kapoor,Female,55,Pune,Maharashtra,Consumer,2023-01-10
C01579,Tanya Kapoor,Female,45,Bhopal,Madhya Pradesh,Consumer,2023-11-19
C01580,Vivaan Das,Male,25,Chandigarh,Chandigarh,Consumer,2023-10-31
C01581,Karan Das,Male,46,Lucknow,Uttar Pradesh,Consumer,2024-11-30
C01582,Tanya Bansal,Female,39,Surat,Gujarat,Consumer,2024-09-13
C01583,Kabir Saxena,Female,37,Kochi,Kerala,Small Business,2024-06-02
C01584,Rahul Singh,Other,60,Chennai,Tamil Nadu,Consumer,2023-10-13
C01585,Rahul Nair,Female,32,Kolkata,West Bengal,Corporate,2025-04-23
C01586,Arjun Das,Female,40,Kolkata,West Bengal,Consumer,2024-09-01
C01587,Myra Singh,Female,52,Chennai,Tamil Nadu,Consumer,2023-10-30
C01588,Meera Singh,Female,56,Kochi,Kerala,Corporate,2025-02-05
C01589,Arjun Malhotra,Male,54,Pune,Maharashtra,Consumer,2023-07-08
C01590,Ira Verma,Other,58,Indore,Madhya Pradesh,Corporate,2024-06-04
C01591,Arjun Mishra,Male,59,Kolkata,West Bengal,Consumer,2023-04-23
C01592,Arjun Das,Female,26,Lucknow,Uttar Pradesh,Corporate,2024-05-28
C01593,Aarav Reddy,Male,38,Delhi,Delhi,Consumer,2024-03-17
C01594,Sara Shah,Male,30,Delhi,Delhi,Corporate,2024-05-05
C01595,Reyansh Chopra,Female,35,Bhopal,Madhya Pradesh,Consumer,2025-03-04
C01596,Varun Das,Female,39,Surat,Gujarat,Consumer,2023-08-21
C01597,Aadhya Saxena,Female,35,Pune,Maharashtra,Consumer,2025-06-14
C01598,Ishaan Chopra,Female,45,Pune,Maharashtra,Consumer,2024-08-15
C01599,Myra Kapoor,Male,44,Indore,Madhya Pradesh,Corporate,2023-10-03
C01600,Karan Chopra,Male,30,Bengaluru,Karnataka,Corporate,2024-09-26
C01601,Aditya Agarwal,Female,34,Pune,Maharashtra,Small Business,2025-02-26
C01602,Kiara Das,Male,20,Kolkata,West Bengal,Consumer,2023-02-06
C01603,Anaya Chopra,Male,42,Lucknow,Uttar Pradesh,Corporate,2025-05-31
C01604,Kiara Joshi,Female,61,Bhopal,Madhya Pradesh,Corporate,2024-09-13
C01605,Karan Kapoor,Female,27,Hyderabad,Telangana,Consumer,2023-05-23
C01606,Sara Khan,Male,51,Bengaluru,Karnataka,Consumer,2023-04-05
C01607,Krishna Malhotra,Other,27,Bhopal,Madhya Pradesh,Consumer,2023-03-28
C01608,Krishna Khan,Female,54,Hyderabad,Telangana,Corporate,2024-06-29
C01609,Karan Agarwal,Male,48,Jaipur,Rajasthan,Corporate,2025-05-07
C01610,Ira Gupta,Male,50,Chennai,Tamil Nadu,Consumer,2025-01-08
C01611,Riya Das,Female,60,Bengaluru,Karnataka,Corporate,2025-05-25
C01612,Kiara Chopra,Male,32,Jaipur,Rajasthan,Consumer,2025-02-07
C01613,Riya Joshi,Female,20,Lucknow,Uttar Pradesh,Small Business,2025-03-18
C01614,Meera Agarwal,Male,41,Delhi,Delhi,Consumer,2025-01-14
C01615,Krishna Sharma,Female,44,Kochi,Kerala,Consumer,2023-10-22
C01616,Anika Agarwal,Female,30,Surat,Gujarat,Small Business,2025-02-13
C01617,Anaya Sharma,Male,29,Surat,Gujarat,Corporate,2023-03-15
C01618,Aadhya Agarwal,Male,40,Chandigarh,Chandigarh,Corporate,2024-10-27
C01619,Vivaan Verma,Female,25,Indore,Madhya Pradesh,Small Business,2023-06-09
C01620,Rohan Malhotra,Female,33,Kochi,Kerala,Consumer,2024-05-31
C01621,Reyansh Agarwal,Male,30,Hyderabad,Telangana,Consumer,2024-04-28
C01622,Anika Chopra,Male,19,Nagpur,Maharashtra,Small Business,2023-03-13
C01623,Aadhya Chopra,Male,39,Hyderabad,Telangana,Small Business,2025-04-14
C01624,Myra Malhotra,Female,19,Jaipur,Rajasthan,Corporate,2023-03-07
C01625,Nisha Gupta,Female,36,Bengaluru,Karnataka,Consumer,2023-04-22
C01626,Aadhya Mishra,Female,46,Lucknow,Uttar Pradesh,Small Business,2023-06-05
C01627,Aarav Das,Female,40,Delhi,Delhi,Consumer,2024-10-16
C01628,Aarav Shah,Male,57,Kolkata,West Bengal,Consumer,2024-10-19
C01629,Arjun Das,Female,38,Kolkata,West Bengal,Consumer,2024-06-11
C01630,Krishna Verma,Female,31,Surat,Gujarat,Consumer,2024-08-15
C01631,Karan Reddy,Male,48,Hyderabad,Telangana,Consumer,2024-08-23
C01632,Rohan Gupta,Female,48,Jaipur,Rajasthan,Consumer,2025-03-01
C01633,Anaya Malhotra,Female,43,Indore,Madhya Pradesh,Consumer,2024-05-21
C01634,Ishaan Malhotra,Female,47,Bengaluru,Karnataka,Small Business,2023-05-22
C01635,Riya Bansal,Female,41,Mumbai,Maharashtra,Corporate,2023-08-29
C01636,Arjun Sharma,Male,45,Chennai,Tamil Nadu,Corporate,2024-03-07
C01637,Meera Nair,Female,57,Pune,Maharashtra,Consumer,2025-05-10
C01638,Reyansh Iyer,Male,61,Kochi,Kerala,Consumer,2025-04-12
C01639,Vivaan Iyer,Male,43,Bhopal,Madhya Pradesh,Consumer,2024-08-16
C01640,Arjun Verma,Male,38,Mumbai,Maharashtra,Consumer,2024-01-19
C01641,Ira Agarwal,Male,36,Lucknow,Uttar Pradesh,Consumer,2024-04-18
C01642,Aditya Singh,Male,55,Kochi,Kerala,Consumer,2023-04-26
C01643,Myra Singh,Female,30,Surat,Gujarat,Consumer,2023-07-25
C01644,Meera Nair,Male,39,Bhopal,Madhya Pradesh,Consumer,2023-12-17
C01645,Kiara Das,Male,54,Hyderabad,Telangana,Consumer,2023-06-01
C01646,Kabir Mishra,Male,56,Jaipur,Rajasthan,Small Business,2023-01-13
C01647,Meera Bansal,Female,46,Surat,Gujarat,Corporate,2023-09-24
C01648,Meera Mishra,Male,47,Mumbai,Maharashtra,Corporate,2024-08-15
C01649,Diya Singh,Female,60,Mumbai,Maharashtra,Consumer,2023-05-18
C01650,Aditya Joshi,Female,51,Hyderabad,Telangana,Corporate,2024-03-22
C01651,Myra Mehta,Female,65,Indore,Madhya Pradesh,Consumer,2025-06-18
C01652,Karan Reddy,Male,53,Bhopal,Madhya Pradesh,Consumer,2024-10-05
C01653,Rohan Sharma,Female,38,Kolkata,West Bengal,Consumer,2023-03-29
C01654,Krishna Patel,Male,53,Surat,Gujarat,Corporate,2025-01-07
C01655,Meera Mehta,Male,20,Indore,Madhya Pradesh,Corporate,2023-11-28
C01656,Anaya Bansal,Male,43,Ahmedabad,Gujarat,Consumer,2023-08-04
C01657,Ishaan Patel,Male,46,Mumbai,Maharashtra,Consumer,2024-03-29
C01658,Meera Chopra,Female,35,Kochi,Kerala,Consumer,2024-08-10
C01659,Reyansh Bansal,Male,19,Indore,Madhya Pradesh,Small Business,2023-11-14
C01660,Aarav Saxena,Female,62,Hyderabad,Telangana,Consumer,2024-12-04
C01661,Anaya Mehta,Female,57,Nagpur,Maharashtra,Consumer,2023-12-06
C01662,Aadhya Patel,Male,39,Jaipur,Rajasthan,Consumer,2023-09-05
C01663,Anaya Reddy,Male,42,Jaipur,Rajasthan,Consumer,2023-06-01
C01664,Nisha Agarwal,Male,37,Chennai,Tamil Nadu,Consumer,2023-08-26
C01665,Myra Mehta,Male,19,Bengaluru,Karnataka,Small Business,2023-08-29
C01666,Nisha Verma,Male,50,Mumbai,Maharashtra,Consumer,2024-10-31
C01667,Meera Joshi,Female,49,Jaipur,Rajasthan,Consumer,2024-05-27
C01668,Meera Bansal,Female,65,Hyderabad,Telangana,Corporate,2024-04-24
C01669,Anaya Das,Male,58,Chandigarh,Chandigarh,Consumer,2023-04-27
C01670,Kiara Mishra,Female,50,Jaipur,Rajasthan,Corporate,2024-09-20
C01671,Nisha Joshi,Male,59,Delhi,Delhi,Consumer,2024-07-13
C01672,Aarav Nair,Female,19,Delhi,Delhi,Consumer,2024-02-20
C01673,Kabir Mehta,Male,29,Mumbai,Maharashtra,Corporate,2024-10-06
C01674,Aadhya Reddy,Female,54,Bengaluru,Karnataka,Consumer,2023-03-20
C01675,Riya Sharma,Other,34,Chennai,Tamil Nadu,Consumer,2023-10-30
C01676,Tanya Gupta,Female,40,Bengaluru,Karnataka,Consumer,2025-05-01
C01677,Krishna Chopra,Male,64,Chennai,Tamil Nadu,Consumer,2024-02-29
C01678,Sara Kapoor,Female,50,Delhi,Delhi,Small Business,2023-01-07
C01679,Ira Saxena,Female,32,Chandigarh,Chandigarh,Corporate,2025-02-27
C01680,Karan Sharma,Female,47,Chennai,Tamil Nadu,Small Business,2025-02-07
C01681,Rohan Reddy,Female,32,Mumbai,Maharashtra,Consumer,2023-03-20
C01682,Kabir Das,Female,49,Surat,Gujarat,Small Business,2024-07-24
C01683,Aadhya Das,Male,49,Mumbai,Maharashtra,Consumer,2023-07-13
C01684,Anaya Sharma,Other,43,Delhi,Delhi,Consumer,2025-03-23
C01685,Meera Sharma,Female,35,Bhopal,Madhya Pradesh,Corporate,2024-05-28
C01686,Arjun Reddy,Male,64,Kochi,Kerala,Consumer,2023-12-06
C01687,Kiara Das,Female,47,Indore,Madhya Pradesh,Consumer,2024-07-15
C01688,Rohan Reddy,Male,28,Bhopal,Madhya Pradesh,Small Business,2024-07-08
C01689,Anika Kapoor,Female,51,Jaipur,Rajasthan,Consumer,2023-02-02
C01690,Varun Gupta,Male,38,Nagpur,Maharashtra,Small Business,2024-05-31
C01691,Aarav Das,Female,55,Indore,Madhya Pradesh,Consumer,2024-12-05
C01692,Rohan Patel,Male,22,Kochi,Kerala,Consumer,2024-08-24
C01693,Ishaan Patel,Female,56,Bhopal,Madhya Pradesh,Corporate,2023-06-14
C01694,Meera Reddy,Female,33,Bhopal,Madhya Pradesh,Consumer,2024-10-29
C01695,Riya Gupta,Female,38,Nagpur,Maharashtra,Small Business,2024-04-28
C01696,Rohan Das,Male,41,Delhi,Delhi,Corporate,2024-04-02
C01697,Karan Nair,Female,45,Chandigarh,Chandigarh,Consumer,2024-09-20
C01698,Myra Khan,Male,41,Nagpur,Maharashtra,Consumer,2023-12-02
C01699,Meera Reddy,Male,33,Delhi,Delhi,Corporate,2023-03-17
C01700,Ishaan Shah,Female,64,Mumbai,Maharashtra,Corporate,2023-10-13
C01701,Riya Iyer,Male,28,Bhopal,Madhya Pradesh,Consumer,2024-03-05
C01702,Krishna Singh,Male,65,Kochi,Kerala,Consumer,2024-11-29
C01703,Diya Bansal,Other,38,Kochi,Kerala,Corporate,2024-09-17
C01704,Karan Shah,Female,56,Bengaluru,Karnataka,Consumer,2024-11-25
C01705,Diya Chopra,Other,42,Chandigarh,Chandigarh,Consumer,2024-12-20
C01706,Karan Chopra,Female,20,Kolkata,West Bengal,Consumer,2024-04-20
C01707,Ira Das,Other,61,Hyderabad,Telangana,Small Business,2024-08-16
C01708,Riya Bansal,Male,56,Ahmedabad,Gujarat,Corporate,2023-01-22
C01709,Meera Shah,Female,50,Pune,Maharashtra,Consumer,2023-02-10
C01710,Aarav Verma,Female,63,Kolkata,West Bengal,Consumer,2023-07-22
C01711,Kabir Bansal,Male,33,Chennai,Tamil Nadu,Consumer,2023-08-04
C01712,Ira Das,Male,65,Bengaluru,Karnataka,Corporate,2024-05-12
C01713,Aarav Patel,Female,42,Kochi,Kerala,Consumer,2024-05-31
C01714,Anaya Malhotra,Female,35,Chandigarh,Chandigarh,Consumer,2024-12-02
C01715,Ishaan Singh,Female,31,Hyderabad,Telangana,Consumer,2023-07-21
C01716,Tanya Khan,Female,38,Kochi,Kerala,Small Business,2023-06-26
C01717,Ishaan Verma,Male,37,Lucknow,Uttar Pradesh,Consumer,2025-03-22
C01718,Aditya Agarwal,Male,35,Chennai,Tamil Nadu,Corporate,2023-05-17
C01719,Rahul Patel,Female,34,Bengaluru,Karnataka,Corporate,2024-04-22
C01720,Aadhya Bansal,Female,30,Indore,Madhya Pradesh,Consumer,2023-03-24
C01721,Ira Joshi,Male,39,Kochi,Kerala,Small Business,2023-07-19
C01722,Nisha Saxena,Male,59,Lucknow,Uttar Pradesh,Consumer,2024-08-03
C01723,Ira Iyer,Female,59,Ahmedabad,Gujarat,Small Business,2024-06-14
C01724,Rahul Reddy,Male,46,Kolkata,West Bengal,Consumer,2023-04-19
C01725,Ishaan Malhotra,Female,45,Ahmedabad,Gujarat,Small Business,2024-11-04
C01726,Ishaan Saxena,Male,32,Chennai,Tamil Nadu,Corporate,2023-01-04
C01727,Aditya Agarwal,Male,64,Chennai,Tamil Nadu,Consumer,2023-08-11
C01728,Aditya Khan,Male,32,Mumbai,Maharashtra,Consumer,2024-09-07
C01729,Diya Singh,Female,59,Kolkata,West Bengal,Corporate,2023-03-11
C01730,Nisha Singh,Male,61,Chennai,Tamil Nadu,Consumer,2023-07-20
C01731,Rahul Das,Male,51,Ahmedabad,Gujarat,Consumer,2025-06-04
C01732,Krishna Agarwal,Male,59,Indore,Madhya Pradesh,Consumer,2023-06-09
C01733,Rahul Chopra,Female,53,Bengaluru,Karnataka,Small Business,2023-02-11
C01734,Aadhya Verma,Female,48,Chennai,Tamil Nadu,Consumer,2024-12-24
C01735,Riya Shah,Male,28,Mumbai,Maharashtra,Corporate,2024-09-14
C01736,Anaya Kapoor,Female,55,Nagpur,Maharashtra,Consumer,2023-04-30
C01737,Riya Mishra,Male,30,Lucknow,Uttar Pradesh,Consumer,2023-01-10
C01738,Ira Malhotra,Other,50,Chandigarh,Chandigarh,Corporate,2024-02-15
C01739,Kiara Bansal,Female,33,Surat,Gujarat,Small Business,2024-07-01
C01740,Reyansh Reddy,Female,37,Kochi,Kerala,Consumer,2024-12-24
C01741,Arjun Das,Female,50,Ahmedabad,Gujarat,Corporate,2023-10-28
C01742,Kiara Patel,Female,30,Pune,Maharashtra,Corporate,2024-10-08
C01743,Kabir Malhotra,Female,60,Surat,Gujarat,Consumer,2024-02-15
C01744,Kiara Saxena,Female,23,Mumbai,Maharashtra,Consumer,2024-04-01
C01745,Diya Singh,Male,51,Delhi,Delhi,Corporate,2023-06-17
C01746,Ira Reddy,Female,56,Ahmedabad,Gujarat,Consumer,2024-12-13
C01747,Kabir Singh,Male,58,Indore,Madhya Pradesh,Consumer,2025-02-23
C01748,Aarav Saxena,Male,22,Bengaluru,Karnataka,Consumer,2024-11-02
C01749,Kabir Sharma,Male,26,Surat,Gujarat,Corporate,2025-02-11
C01750,Aarav Das,Female,58,Delhi,Delhi,Consumer,2023-03-17
C01751,Karan Gupta,Male,49,Delhi,Delhi,Small Business,2024-04-24
C01752,Karan Gupta,Female,22,Chennai,Tamil Nadu,Corporate,2023-10-24
C01753,Aditya Verma,Female,35,Chandigarh,Chandigarh,Consumer,2023-08-28
C01754,Riya Shah,Male,40,Chandigarh,Chandigarh,Consumer,2025-03-30
C01755,Riya Gupta,Male,36,Surat,Gujarat,Consumer,2023-06-14
C01756,Vivaan Khan,Female,35,Nagpur,Maharashtra,Corporate,2023-11-20
C01757,Tanya Reddy,Male,49,Kolkata,West Bengal,Consumer,2023-12-07
C01758,Kiara Das,Male,25,Bhopal,Madhya Pradesh,Small Business,2023-11-22
C01759,Arjun Gupta,Male,37,Indore,Madhya Pradesh,Small Business,2024-12-05
C01760,Varun Mishra,Female,57,Surat,Gujarat,Consumer,2025-04-16
C01761,Ira Saxena,Male,36,Chandigarh,Chandigarh,Consumer,2023-03-11
C01762,Rahul Verma,Female,52,Hyderabad,Telangana,Consumer,2024-02-01
C01763,Krishna Saxena,Male,32,Kochi,Kerala,Consumer,2024-12-16
C01764,Reyansh Kapoor,Female,24,Lucknow,Uttar Pradesh,Consumer,2023-07-13
C01765,Vivaan Singh,Female,47,Mumbai,Maharashtra,Consumer,2023-03-06
C01766,Riya Singh,Male,24,Jaipur,Rajasthan,Small Business,2023-08-14
C01767,Aarav Patel,Male,31,Surat,Gujarat,Corporate,2024-09-16
C01768,Kiara Kapoor,Female,46,Surat,Gujarat,Corporate,2025-01-23
C01769,Aadhya Agarwal,Female,30,Kolkata,West Bengal,Small Business,2024-09-28
C01770,Arjun Kapoor,Male,60,Chennai,Tamil Nadu,Consumer,2024-10-01
C01771,Arjun Iyer,Male,42,Chandigarh,Chandigarh,Consumer,2023-12-22
C01772,Vivaan Agarwal,Female,41,Chandigarh,Chandigarh,Consumer,2024-04-17
C01773,Krishna Khan,Male,61,Chandigarh,Chandigarh,Small Business,2024-01-10
C01774,Rohan Agarwal,Female,25,Ahmedabad,Gujarat,Small Business,2025-03-17
C01775,Aadhya Das,Female,54,Lucknow,Uttar Pradesh,Small Business,2024-08-18
C01776,Karan Iyer,Male,26,Chandigarh,Chandigarh,Small Business,2024-05-20
C01777,Ishaan Verma,Female,59,Pune,Maharashtra,Consumer,2023-11-05
C01778,Arjun Shah,Female,49,Ahmedabad,Gujarat,Consumer,2025-05-06
C01779,Aarav Nair,Female,31,Nagpur,Maharashtra,Corporate,2023-01-19
C01780,Riya Patel,Male,37,Jaipur,Rajasthan,Consumer,2025-01-26
C01781,Kabir Das,Male,52,Jaipur,Rajasthan,Consumer,2023-07-20
C01782,Aarav Bansal,Male,26,Hyderabad,Telangana,Consumer,2024-09-30
C01783,Ira Chopra,Female,27,Chandigarh,Chandigarh,Small Business,2023-04-01
C01784,Aadhya Patel,Male,52,Hyderabad,Telangana,Corporate,2023-12-15
C01785,Kabir Das,Male,46,Bhopal,Madhya Pradesh,Consumer,2023-05-10
C01786,Ira Iyer,Female,51,Pune,Maharashtra,Consumer,2025-02-18
C01787,Vivaan Shah,Male,22,Nagpur,Maharashtra,Consumer,2023-01-22
C01788,Aadhya Bansal,Female,38,Bhopal,Madhya Pradesh,Consumer,2025-04-18
C01789,Riya Mishra,Male,64,Hyderabad,Telangana,Corporate,2025-03-22
C01790,Aadhya Agarwal,Male,54,Kochi,Kerala,Small Business,2024-09-24
C01791,Aarav Bansal,Female,45,Delhi,Delhi,Corporate,2024-05-25
C01792,Rohan Verma,Female,26,Chandigarh,Chandigarh,Corporate,2024-05-04
C01793,Diya Reddy,Female,25,Pune,Maharashtra,Consumer,2025-02-07
C01794,Arjun Kapoor,Female,27,Nagpur,Maharashtra,Consumer,2024-04-25
C01795,Anaya Patel,Male,65,Kochi,Kerala,Consumer,2024-12-26
C01796,Krishna Joshi,Other,46,Nagpur,Maharashtra,Consumer,2023-07-09
C01797,Kabir Verma,Female,45,Chandigarh,Chandigarh,Corporate,2025-03-13
C01798,Karan Singh,Female,29,Bengaluru,Karnataka,Consumer,2023-04-02
C01799,Meera Verma,Other,30,Mumbai,Maharashtra,Consumer,2023-01-11
C01800,Rahul Patel,Male,34,Mumbai,Maharashtra,Small Business,2024-02-11
C01801,Nisha Mehta,Male,26,Indore,Madhya Pradesh,Corporate,2023-07-23
C01802,Riya Shah,Female,63,Delhi,Delhi,Consumer,2025-01-25
C01803,Anaya Chopra,Female,32,Jaipur,Rajasthan,Small Business,2023-05-30
C01804,Meera Reddy,Male,28,Bengaluru,Karnataka,Consumer,2024-06-08
C01805,Krishna Agarwal,Female,52,Pune,Maharashtra,Consumer,2025-04-16
C01806,Meera Nair,Male,19,Hyderabad,Telangana,Consumer,2023-11-17
C01807,Nisha Saxena,Female,47,Hyderabad,Telangana,Corporate,2025-04-12
C01808,Rohan Sharma,Male,56,Kochi,Kerala,Consumer,2023-08-21
C01809,Kabir Bansal,Male,20,Mumbai,Maharashtra,Consumer,2023-05-28
C01810,Ishaan Kapoor,Female,50,Chennai,Tamil Nadu,Consumer,2023-11-01
C01811,Anika Bansal,Female,30,Surat,Gujarat,Corporate,2025-03-17
C01812,Aditya Bansal,Male,50,Jaipur,Rajasthan,Small Business,2024-05-31
C01813,Krishna Chopra,Male,64,Pune,Maharashtra,Consumer,2024-11-13
C01814,Krishna Kapoor,Female,45,Pune,Maharashtra,Consumer,2024-05-12
C01815,Kabir Singh,Male,36,Surat,Gujarat,Corporate,2024-05-11
C01816,Varun Nair,Female,58,Hyderabad,Telangana,Corporate,2025-05-18
C01817,Krishna Bansal,Female,43,Bengaluru,Karnataka,Small Business,2024-09-08
C01818,Anika Singh,Male,31,Lucknow,Uttar Pradesh,Consumer,2023-12-19
C01819,Varun Khan,Female,42,Surat,Gujarat,Consumer,2023-04-13
C01820,Karan Das,Female,41,Pune,Maharashtra,Corporate,2024-07-15
C01821,Reyansh Saxena,Female,58,Nagpur,Maharashtra,Small Business,2025-01-29
C01822,Rohan Gupta,Male,55,Jaipur,Rajasthan,Consumer,2023-07-11
C01823,Karan Singh,Other,19,Pune,Maharashtra,Consumer,2024-09-23
C01824,Kiara Reddy,Female,52,Chennai,Tamil Nadu,Consumer,2023-12-24
C01825,Rahul Chopra,Female,64,Chennai,Tamil Nadu,Small Business,2024-11-10
C01826,Riya Iyer,Female,21,Lucknow,Uttar Pradesh,Small Business,2023-02-26
C01827,Arjun Bansal,Male,37,Mumbai,Maharashtra,Consumer,2025-05-03
C01828,Nisha Malhotra,Male,27,Pune,Maharashtra,Consumer,2023-08-30
C01829,Tanya Saxena,Male,25,Bengaluru,Karnataka,Corporate,2023-05-15
C01830,Krishna Joshi,Male,32,Hyderabad,Telangana,Small Business,2024-07-01
C01831,Aarav Gupta,Male,62,Nagpur,Maharashtra,Corporate,2024-11-06
C01832,Anaya Nair,Male,26,Delhi,Delhi,Consumer,2025-06-14
C01833,Aarav Reddy,Female,26,Pune,Maharashtra,Consumer,2024-03-25
C01834,Aadhya Sharma,Female,24,Delhi,Delhi,Corporate,2023-05-05
C01835,Kiara Iyer,Female,51,Mumbai,Maharashtra,Corporate,2024-06-27
C01836,Krishna Saxena,Male,42,Kochi,Kerala,Consumer,2023-11-27
C01837,Nisha Iyer,Male,63,Kolkata,West Bengal,Small Business,2024-07-02
C01838,Karan Das,Male,57,Hyderabad,Telangana,Consumer,2023-11-11
C01839,Aadhya Mehta,Male,64,Pune,Maharashtra,Consumer,2024-08-18
C01840,Anaya Iyer,Male,55,Kolkata,West Bengal,Consumer,2025-04-13
C01841,Sara Shah,Female,46,Mumbai,Maharashtra,Consumer,2024-06-05
C01842,Aditya Chopra,Female,36,Bengaluru,Karnataka,Consumer,2025-04-03
C01843,Meera Singh,Male,53,Nagpur,Maharashtra,Consumer,2024-11-01
C01844,Aarav Shah,Female,59,Indore,Madhya Pradesh,Consumer,2024-08-29
C01845,Karan Sharma,Male,34,Mumbai,Maharashtra,Consumer,2025-04-25
C01846,Krishna Bansal,Male,57,Ahmedabad,Gujarat,Corporate,2023-04-18
C01847,Diya Saxena,Other,35,Chandigarh,Chandigarh,Small Business,2023-09-27
C01848,Kabir Malhotra,Female,65,Delhi,Delhi,Consumer,2023-07-04
C01849,Anaya Reddy,Female,59,Mumbai,Maharashtra,Consumer,2025-05-23
C01850,Aarav Sharma,Female,55,Jaipur,Rajasthan,Small Business,2025-04-24
C01851,Nisha Singh,Male,51,Bhopal,Madhya Pradesh,Corporate,2024-11-25
C01852,Myra Kapoor,Male,64,Hyderabad,Telangana,Consumer,2023-03-14
C01853,Reyansh Singh,Male,50,Chennai,Tamil Nadu,Consumer,2023-03-27
C01854,Aadhya Patel,Female,28,Indore,Madhya Pradesh,Corporate,2024-05-24
C01855,Karan Agarwal,Male,57,Jaipur,Rajasthan,Corporate,2024-10-30
C01856,Arjun Mehta,Female,51,Delhi,Delhi,Small Business,2025-03-24
C01857,Meera Iyer,Male,27,Indore,Madhya Pradesh,Corporate,2023-04-12
C01858,Riya Iyer,Male,19,Mumbai,Maharashtra,Consumer,2023-05-25
C01859,Riya Reddy,Female,41,Ahmedabad,Gujarat,Consumer,2025-03-16
C01860,Varun Nair,Male,44,Mumbai,Maharashtra,Consumer,2023-10-28
C01861,Kabir Patel,Female,44,Kolkata,West Bengal,Consumer,2023-08-18
C01862,Anika Joshi,Male,27,Lucknow,Uttar Pradesh,Consumer,2025-01-22
C01863,Aadhya Patel,Male,41,Chandigarh,Chandigarh,Consumer,2025-01-25
C01864,Kabir Bansal,Female,24,Bengaluru,Karnataka,Consumer,2025-05-26
C01865,Ira Patel,Male,45,Lucknow,Uttar Pradesh,Consumer,2023-11-25
C01866,Diya Verma,Female,18,Indore,Madhya Pradesh,Consumer,2024-05-01
C01867,Meera Khan,Male,65,Bhopal,Madhya Pradesh,Consumer,2024-07-08
C01868,Reyansh Saxena,Male,50,Lucknow,Uttar Pradesh,Corporate,2025-04-19
C01869,Kabir Mehta,Male,52,Chennai,Tamil Nadu,Corporate,2025-05-06
C01870,Riya Gupta,Male,48,Jaipur,Rajasthan,Consumer,2023-09-22
C01871,Kabir Iyer,Male,63,Chandigarh,Chandigarh,Consumer,2023-02-21
C01872,Aditya Singh,Male,43,Chennai,Tamil Nadu,Small Business,2024-08-13
C01873,Arjun Malhotra,Male,44,Chennai,Tamil Nadu,Consumer,2024-05-23
C01874,Varun Bansal,Female,28,Lucknow,Uttar Pradesh,Small Business,2023-01-23
C01875,Diya Chopra,Male,54,Bhopal,Madhya Pradesh,Consumer,2023-12-26
C01876,Tanya Patel,Female,52,Nagpur,Maharashtra,Consumer,2024-11-18
C01877,Aarav Malhotra,Male,37,Ahmedabad,Gujarat,Consumer,2023-04-25
C01878,Diya Chopra,Female,33,Chandigarh,Chandigarh,Small Business,2024-12-14
C01879,Kiara Verma,Other,25,Nagpur,Maharashtra,Consumer,2024-03-27
C01880,Vivaan Malhotra,Male,44,Nagpur,Maharashtra,Consumer,2024-08-13
C01881,Aarav Reddy,Male,49,Ahmedabad,Gujarat,Corporate,2023-07-21
C01882,Anika Bansal,Female,20,Jaipur,Rajasthan,Consumer,2024-03-28
C01883,Nisha Agarwal,Male,39,Chennai,Tamil Nadu,Consumer,2024-12-14
C01884,Aarav Mehta,Female,42,Chennai,Tamil Nadu,Consumer,2024-12-15
C01885,Vivaan Kapoor,Female,56,Kochi,Kerala,Consumer,2024-06-01
C01886,Tanya Khan,Male,51,Jaipur,Rajasthan,Small Business,2025-01-24
C01887,Nisha Verma,Male,56,Chennai,Tamil Nadu,Consumer,2024-04-30
C01888,Karan Nair,Male,61,Kolkata,West Bengal,Consumer,2024-06-28
C01889,Aarav Mehta,Male,61,Bengaluru,Karnataka,Consumer,2025-04-07
C01890,Aarav Nair,Female,60,Kochi,Kerala,Corporate,2024-06-22
C01891,Anaya Kapoor,Female,45,Chennai,Tamil Nadu,Small Business,2024-04-08
C01892,Rahul Malhotra,Male,55,Chennai,Tamil Nadu,Small Business,2024-03-26
C01893,Ira Agarwal,Male,44,Delhi,Delhi,Consumer,2025-06-18
C01894,Ira Sharma,Male,29,Mumbai,Maharashtra,Small Business,2023-11-26
C01895,Myra Patel,Male,24,Pune,Maharashtra,Corporate,2023-08-11
C01896,Riya Das,Female,46,Indore,Madhya Pradesh,Consumer,2024-07-31
C01897,Rohan Mehta,Male,62,Nagpur,Maharashtra,Consumer,2025-01-01
C01898,Aditya Singh,Female,24,Nagpur,Maharashtra,Consumer,2023-08-20
C01899,Ira Sharma,Other,33,Chennai,Tamil Nadu,Consumer,2024-04-19
C01900,Sara Nair,Male,62,Indore,Madhya Pradesh,Corporate,2024-10-31
C01901,Anaya Chopra,Male,49,Pune,Maharashtra,Corporate,2023-07-19
C01902,Tanya Iyer,Male,59,Bengaluru,Karnataka,Consumer,2024-10-25
C01903,Rohan Nair,Female,32,Surat,Gujarat,Small Business,2023-06-05
C01904,Krishna Bansal,Female,50,Kolkata,West Bengal,Consumer,2025-03-19
C01905,Tanya Saxena,Male,56,Hyderabad,Telangana,Small Business,2025-05-03
C01906,Tanya Joshi,Male,27,Kolkata,West Bengal,Consumer,2024-04-17
C01907,Anika Kapoor,Female,47,Chennai,Tamil Nadu,Consumer,2023-04-09
C01908,Anaya Malhotra,Female,43,Jaipur,Rajasthan,Consumer,2025-02-02
C01909,Myra Gupta,Male,39,Hyderabad,Telangana,Corporate,2023-01-21
C01910,Sara Bansal,Male,35,Delhi,Delhi,Consumer,2024-02-15
C01911,Kabir Khan,Male,49,Nagpur,Maharashtra,Consumer,2023-02-25
C01912,Aadhya Nair,Female,27,Jaipur,Rajasthan,Small Business,2023-09-27
C01913,Myra Saxena,Female,38,Chandigarh,Chandigarh,Corporate,2024-08-11
C01914,Ishaan Nair,Female,26,Bengaluru,Karnataka,Corporate,2024-10-18
C01915,Rahul Verma,Male,23,Lucknow,Uttar Pradesh,Consumer,2023-12-12
C01916,Riya Iyer,Male,22,Bengaluru,Karnataka,Consumer,2025-04-22
C01917,Arjun Mehta,Female,50,Chandigarh,Chandigarh,Consumer,2025-02-07
C01918,Kabir Chopra,Female,57,Surat,Gujarat,Consumer,2025-02-17
C01919,Kabir Joshi,Male,18,Kolkata,West Bengal,Consumer,2023-03-06
C01920,Myra Chopra,Female,18,Chennai,Tamil Nadu,Consumer,2024-04-28
C01921,Arjun Kapoor,Female,65,Jaipur,Rajasthan,Consumer,2023-07-04
C01922,Kabir Das,Male,24,Kolkata,West Bengal,Consumer,2023-08-11
C01923,Aarav Chopra,Male,33,Chennai,Tamil Nadu,Small Business,2024-01-08
C01924,Aditya Singh,Female,25,Pune,Maharashtra,Consumer,2023-06-18
C01925,Aarav Bansal,Female,38,Bhopal,Madhya Pradesh,Consumer,2025-04-11
C01926,Varun Malhotra,Female,41,Surat,Gujarat,Consumer,2024-08-13
C01927,Myra Saxena,Male,46,Chennai,Tamil Nadu,Consumer,2023-02-03
C01928,Anaya Chopra,Female,35,Nagpur,Maharashtra,Corporate,2023-04-25
C01929,Aarav Khan,Male,50,Hyderabad,Telangana,Corporate,2023-06-18
C01930,Arjun Agarwal,Male,32,Lucknow,Uttar Pradesh,Consumer,2025-02-17
C01931,Meera Gupta,Female,55,Kolkata,West Bengal,Consumer,2023-03-22
C01932,Tanya Khan,Female,27,Jaipur,Rajasthan,Consumer,2023-01-11
C01933,Aditya Khan,Female,41,Lucknow,Uttar Pradesh,Consumer,2024-04-25
C01934,Arjun Singh,Female,28,Mumbai,Maharashtra,Consumer,2024-05-09
C01935,Riya Malhotra,Female,40,Pune,Maharashtra,Consumer,2024-05-23
C01936,Aarav Chopra,Female,47,Delhi,Delhi,Consumer,2024-10-08
C01937,Aadhya Khan,Female,52,Mumbai,Maharashtra,Consumer,2023-11-29
C01938,Reyansh Bansal,Male,65,Delhi,Delhi,Corporate,2023-02-05
C01939,Ishaan Shah,Male,52,Bhopal,Madhya Pradesh,Consumer,2024-02-02
C01940,Karan Nair,Female,23,Nagpur,Maharashtra,Consumer,2023-04-24
C01941,Aditya Singh,Female,43,Delhi,Delhi,Consumer,2025-05-13
C01942,Nisha Verma,Male,54,Chennai,Tamil Nadu,Corporate,2023-10-29
C01943,Nisha Chopra,Male,18,Kolkata,West Bengal,Consumer,2024-10-20
C01944,Meera Nair,Female,51,Lucknow,Uttar Pradesh,Small Business,2024-09-16
C01945,Aarav Khan,Male,44,Kochi,Kerala,Consumer,2024-12-24
C01946,Nisha Singh,Female,60,Bhopal,Madhya Pradesh,Consumer,2023-08-03
C01947,Myra Mehta,Female,36,Bengaluru,Karnataka,Consumer,2023-01-13
C01948,Aditya Iyer,Male,58,Chennai,Tamil Nadu,Consumer,2023-12-25
C01949,Aditya Khan,Male,65,Surat,Gujarat,Consumer,2025-05-06
C01950,Aditya Kapoor,Male,41,Nagpur,Maharashtra,Corporate,2024-11-08
C01951,Vivaan Mehta,Male,39,Jaipur,Rajasthan,Small Business,2023-01-14
C01952,Krishna Kapoor,Female,45,Lucknow,Uttar Pradesh,Consumer,2025-05-12
C01953,Myra Mishra,Male,29,Bengaluru,Karnataka,Corporate,2024-01-18
C01954,Kabir Nair,Male,29,Bhopal,Madhya Pradesh,Consumer,2025-02-08
C01955,Ira Mishra,Male,44,Lucknow,Uttar Pradesh,Consumer,2024-06-11
C01956,Kiara Malhotra,Female,25,Bengaluru,Karnataka,Consumer,2023-06-09
C01957,Meera Gupta,Male,28,Nagpur,Maharashtra,Consumer,2024-12-07
C01958,Aarav Sharma,Male,62,Kochi,Kerala,Corporate,2025-03-03
C01959,Aadhya Das,Other,46,Pune,Maharashtra,Small Business,2023-11-14
C01960,Kabir Joshi,Male,28,Bhopal,Madhya Pradesh,Small Business,2024-11-29
C01961,Vivaan Agarwal,Male,37,Mumbai,Maharashtra,Corporate,2025-06-12
C01962,Rohan Bansal,Male,43,Surat,Gujarat,Consumer,2025-05-11
C01963,Meera Das,Male,21,Delhi,Delhi,Consumer,2024-05-29
C01964,Ira Iyer,Female,45,Kolkata,West Bengal,Corporate,2024-08-06
C01965,Karan Mehta,Female,51,Lucknow,Uttar Pradesh,Consumer,2023-11-16
C01966,Arjun Nair,Male,18,Lucknow,Uttar Pradesh,Corporate,2024-06-21
C01967,Krishna Bansal,Other,56,Kochi,Kerala,Consumer,2023-06-22
C01968,Arjun Kapoor,Male,36,Bengaluru,Karnataka,Consumer,2024-05-07
C01969,Kabir Nair,Female,63,Delhi,Delhi,Consumer,2024-05-19
C01970,Krishna Khan,Male,37,Kolkata,West Bengal,Consumer,2024-06-20
C01971,Sara Shah,Female,22,Kolkata,West Bengal,Consumer,2024-03-23
C01972,Anika Khan,Male,31,Jaipur,Rajasthan,Corporate,2023-01-15
C01973,Aadhya Sharma,Male,32,Kochi,Kerala,Corporate,2024-06-26
C01974,Reyansh Malhotra,Male,31,Ahmedabad,Gujarat,Corporate,2025-04-23
C01975,Aditya Sharma,Female,41,Bengaluru,Karnataka,Consumer,2023-08-28
C01976,Kiara Iyer,Female,32,Kochi,Kerala,Corporate,2024-12-06
C01977,Riya Khan,Female,29,Hyderabad,Telangana,Consumer,2024-05-25
C01978,Krishna Bansal,Female,59,Chennai,Tamil Nadu,Consumer,2023-06-07
C01979,Diya Reddy,Female,55,Bengaluru,Karnataka,Small Business,2024-10-05
C01980,Krishna Reddy,Male,59,Kolkata,West Bengal,Consumer,2024-02-03
C01981,Rahul Agarwal,Male,42,Chennai,Tamil Nadu,Consumer,2024-12-06
C01982,Diya Das,Male,63,Chennai,Tamil Nadu,Small Business,2023-07-17
C01983,Rohan Mishra,Male,37,Ahmedabad,Gujarat,Consumer,2023-03-08
C01984,Anaya Saxena,Female,30,Ahmedabad,Gujarat,Small Business,2024-11-04
C01985,Tanya Agarwal,Male,34,Indore,Madhya Pradesh,Consumer,2023-01-14
C01986,Arjun Joshi,Male,40,Nagpur,Maharashtra,Consumer,2025-05-12
C01987,Rahul Sharma,Male,38,Lucknow,Uttar Pradesh,Consumer,2023-05-06
C01988,Aditya Malhotra,Male,59,Mumbai,Maharashtra,Corporate,2024-12-08
C01989,Karan Verma,Female,52,Surat,Gujarat,Consumer,2023-07-27
C01990,Kabir Sharma,Female,26,Jaipur,Rajasthan,Consumer,2025-05-22
C01991,Meera Agarwal,Male,50,Hyderabad,Telangana,Consumer,2024-07-28
C01992,Kiara Patel,Female,31,Hyderabad,Telangana,Consumer,2024-09-27
C01993,Anika Agarwal,Male,26,Bengaluru,Karnataka,Consumer,2024-10-11
C01994,Rohan Khan,Male,59,Jaipur,Rajasthan,Corporate,2023-12-18
C01995,Rahul Verma,Female,32,Bengaluru,Karnataka,Consumer,2023-06-22
C01996,Karan Mishra,Male,55,Indore,Madhya Pradesh,Consumer,2024-04-24
C01997,Kabir Chopra,Male,57,Nagpur,Maharashtra,Corporate,2024-03-28
C01998,Ishaan Reddy,Female,23,Nagpur,Maharashtra,Small Business,2023-12-14
C01999,Rohan Mehta,Female,24,Bhopal,Madhya Pradesh,Consumer,2025-01-10
C02000,Karan Gupta,Female,23,Bhopal,Madhya Pradesh,Corporate,2025-05-25
C02001,Meera Nair,Male,29,Bengaluru,Karnataka,Consumer,2024-08-18
C02002,Aarav Khan,Female,59,Indore,Madhya Pradesh,Corporate,2024-05-08
C02003,Anika Sharma,Male,39,Indore,Madhya Pradesh,Small Business,2023-02-26
C02004,Kabir Singh,Male,28,Nagpur,Maharashtra,Consumer,2024-08-08
C02005,Kiara Mishra,Female,57,Bhopal,Madhya Pradesh,Small Business,2024-07-01
C02006,Rohan Patel,Male,27,Ahmedabad,Gujarat,Corporate,2024-04-16
C02007,Aarav Iyer,Female,19,Surat,Gujarat,Consumer,2024-04-12
C02008,Karan Shah,Male,33,Kolkata,West Bengal,Consumer,2024-02-21
C02009,Ira Reddy,Female,44,Pune,Maharashtra,Consumer,2025-03-28
C02010,Aditya Singh,Female,51,Bengaluru,Karnataka,Consumer,2024-06-30
C02011,Aarav Verma,Female,30,Ahmedabad,Gujarat,Small Business,2024-08-18
C02012,Aadhya Shah,Male,19,Mumbai,Maharashtra,Corporate,2025-04-07
C02013,Ishaan Iyer,Male,62,Pune,Maharashtra,Small Business,2023-06-23
C02014,Aarav Patel,Male,44,Bhopal,Madhya Pradesh,Consumer,2025-04-05
C02015,Reyansh Khan,Male,27,Pune,Maharashtra,Consumer,2023-10-25
C02016,Kiara Mishra,Female,49,Chandigarh,Chandigarh,Consumer,2023-07-14
C02017,Riya Saxena,Male,50,Bengaluru,Karnataka,Consumer,2023-11-12
C02018,Tanya Patel,Female,62,Indore,Madhya Pradesh,Consumer,2023-10-30
C02019,Ira Agarwal,Female,23,Bhopal,Madhya Pradesh,Consumer,2023-01-13
C02020,Aditya Joshi,Male,19,Chennai,Tamil Nadu,Consumer,2024-04-18
C02021,Karan Saxena,Female,43,Delhi,Delhi,Consumer,2023-03-17
C02022,Krishna Iyer,Female,23,Lucknow,Uttar Pradesh,Consumer,2023-12-15
C02023,Ishaan Das,Male,33,Kolkata,West Bengal,Consumer,2023-08-18
C02024,Meera Bansal,Male,34,Indore,Madhya Pradesh,Consumer,2023-07-01
C02025,Kabir Iyer,Other,36,Surat,Gujarat,Consumer,2024-10-26
C02026,Myra Khan,Female,37,Ahmedabad,Gujarat,Consumer,2025-01-31
C02027,Arjun Bansal,Male,47,Nagpur,Maharashtra,Consumer,2023-08-07
C02028,Varun Khan,Female,24,Bhopal,Madhya Pradesh,Small Business,2025-02-12
C02029,Riya Kapoor,Female,47,Pune,Maharashtra,Corporate,2023-02-01
C02030,Aditya Sharma,Female,23,Indore,Madhya Pradesh,Consumer,2024-06-12
C02031,Aadhya Saxena,Male,41,Mumbai,Maharashtra,Consumer,2025-04-27
C02032,Arjun Chopra,Male,51,Kolkata,West Bengal,Corporate,2023-07-25
C02033,Ira Sharma,Female,52,Nagpur,Maharashtra,Consumer,2023-02-21
C02034,Anaya Singh,Female,36,Mumbai,Maharashtra,Consumer,2023-11-12
C02035,Reyansh Das,Male,40,Indore,Madhya Pradesh,Consumer,2023-05-26
C02036,Aditya Kapoor,Female,20,Hyderabad,Telangana,Small Business,2023-10-20
C02037,Aarav Saxena,Male,45,Nagpur,Maharashtra,Consumer,2025-04-23
C02038,Kiara Patel,Female,52,Mumbai,Maharashtra,Consumer,2023-09-30
C02039,Aadhya Saxena,Female,19,Kolkata,West Bengal,Small Business,2025-05-16
C02040,Varun Gupta,Male,45,Ahmedabad,Gujarat,Consumer,2024-11-27
C02041,Diya Patel,Female,22,Lucknow,Uttar Pradesh,Small Business,2023-07-24
C02042,Nisha Gupta,Male,55,Nagpur,Maharashtra,Corporate,2024-07-01
C02043,Myra Saxena,Female,40,Lucknow,Uttar Pradesh,Consumer,2024-07-26
C02044,Ishaan Mishra,Female,36,Ahmedabad,Gujarat,Consumer,2024-05-23
C02045,Ishaan Kapoor,Female,41,Indore,Madhya Pradesh,Small Business,2024-11-01
C02046,Diya Malhotra,Female,55,Pune,Maharashtra,Corporate,2025-01-28
C02047,Karan Patel,Male,29,Chennai,Tamil Nadu,Small Business,2024-11-28
C02048,Aadhya Mishra,Female,23,Bengaluru,Karnataka,Corporate,2023-01-06
C02049,Rohan Das,Male,65,Nagpur,Maharashtra,Consumer,2023-05-04
C02050,Varun Nair,Female,18,Pune,Maharashtra,Consumer,2024-09-10
C02051,Varun Iyer,Male,65,Surat,Gujarat,Corporate,2023-08-27
C02052,Aadhya Reddy,Male,56,Mumbai,Maharashtra,Small Business,2024-06-21
C02053,Nisha Gupta,Female,32,Hyderabad,Telangana,Corporate,2023-04-10
C02054,Nisha Saxena,Female,61,Nagpur,Maharashtra,Consumer,2024-03-20
C02055,Nisha Kapoor,Male,35,Nagpur,Maharashtra,Consumer,2025-05-04
C02056,Anaya Agarwal,Male,29,Lucknow,Uttar Pradesh,Consumer,2023-08-06
C02057,Ira Mishra,Male,55,Surat,Gujarat,Consumer,2023-11-19
C02058,Sara Singh,Female,47,Surat,Gujarat,Small Business,2024-01-22
C02059,Diya Gupta,Male,51,Indore,Madhya Pradesh,Consumer,2023-06-05
C02060,Meera Singh,Male,41,Ahmedabad,Gujarat,Small Business,2025-03-27
C02061,Ishaan Verma,Male,54,Indore,Madhya Pradesh,Corporate,2024-09-25
C02062,Kiara Sharma,Male,26,Delhi,Delhi,Consumer,2023-02-11
C02063,Varun Reddy,Other,63,Jaipur,Rajasthan,Consumer,2023-02-15
C02064,Reyansh Mehta,Female,47,Ahmedabad,Gujarat,Consumer,2025-02-24
C02065,Varun Patel,Female,21,Bengaluru,Karnataka,Small Business,2024-12-22
C02066,Riya Verma,Female,43,Mumbai,Maharashtra,Consumer,2023-12-20
C02067,Meera Reddy,Female,49,Bengaluru,Karnataka,Corporate,2025-02-21
C02068,Anaya Gupta,Male,38,Hyderabad,Telangana,Consumer,2023-01-13
C02069,Ira Iyer,Female,62,Jaipur,Rajasthan,Corporate,2024-11-15
C02070,Krishna Saxena,Female,61,Jaipur,Rajasthan,Consumer,2024-05-29
C02071,Krishna Reddy,Female,60,Kolkata,West Bengal,Corporate,2023-04-25
C02072,Aditya Gupta,Female,38,Indore,Madhya Pradesh,Corporate,2023-05-03
C02073,Varun Shah,Male,43,Indore,Madhya Pradesh,Consumer,2024-04-07
C02074,Vivaan Nair,Male,38,Lucknow,Uttar Pradesh,Consumer,2023-02-12
C02075,Aarav Chopra,Male,49,Kolkata,West Bengal,Consumer,2024-12-24
C02076,Ira Sharma,Female,26,Lucknow,Uttar Pradesh,Consumer,2023-02-18
C02077,Kiara Iyer,Male,27,Pune,Maharashtra,Consumer,2023-01-01
C02078,Aadhya Malhotra,Male,53,Bhopal,Madhya Pradesh,Corporate,2023-01-21
C02079,Diya Joshi,Male,34,Indore,Madhya Pradesh,Corporate,2023-06-02
C02080,Kabir Khan,Male,45,Nagpur,Maharashtra,Consumer,2024-06-29
C02081,Meera Kapoor,Male,39,Bengaluru,Karnataka,Consumer,2023-01-28
C02082,Nisha Sharma,Male,37,Chennai,Tamil Nadu,Corporate,2025-01-04
C02083,Aarav Khan,Female,60,Hyderabad,Telangana,Corporate,2023-05-09
C02084,Varun Joshi,Female,44,Lucknow,Uttar Pradesh,Consumer,2025-06-17
C02085,Arjun Malhotra,Female,26,Bengaluru,Karnataka,Consumer,2025-05-23
C02086,Myra Shah,Male,53,Surat,Gujarat,Small Business,2024-04-08
C02087,Anaya Iyer,Female,29,Hyderabad,Telangana,Corporate,2024-01-08
C02088,Rahul Kapoor,Female,26,Jaipur,Rajasthan,Corporate,2024-10-29
C02089,Anaya Bansal,Male,59,Bhopal,Madhya Pradesh,Corporate,2023-06-18
C02090,Anika Chopra,Male,49,Chandigarh,Chandigarh,Corporate,2024-02-22
C02091,Kabir Chopra,Female,41,Kochi,Kerala,Corporate,2025-03-16
C02092,Anika Saxena,Female,20,Pune,Maharashtra,Small Business,2023-08-11
C02093,Myra Nair,Female,44,Kochi,Kerala,Corporate,2024-07-28
C02094,Sara Patel,Female,40,Nagpur,Maharashtra,Consumer,2023-01-31
C02095,Aadhya Singh,Male,47,Chennai,Tamil Nadu,Consumer,2023-08-07
C02096,Diya Singh,Male,30,Indore,Madhya Pradesh,Consumer,2024-03-22
C02097,Nisha Bansal,Male,39,Chandigarh,Chandigarh,Consumer,2025-03-23
C02098,Ishaan Joshi,Male,44,Kochi,Kerala,Consumer,2023-06-09
C02099,Reyansh Reddy,Female,51,Jaipur,Rajasthan,Corporate,2023-12-24
C02100,Ishaan Gupta,Male,30,Jaipur,Rajasthan,Consumer,2023-08-11
C02101,Reyansh Reddy,Male,30,Pune,Maharashtra,Corporate,2023-03-27
C02102,Sara Verma,Female,19,Bengaluru,Karnataka,Consumer,2023-06-11
C02103,Aadhya Das,Female,60,Kolkata,West Bengal,Consumer,2023-06-17
C02104,Arjun Agarwal,Female,65,Nagpur,Maharashtra,Corporate,2023-07-01
C02105,Karan Bansal,Male,28,Lucknow,Uttar Pradesh,Consumer,2023-05-22
C02106,Aarav Khan,Female,31,Mumbai,Maharashtra,Consumer,2025-05-27
C02107,Rohan Khan,Male,33,Chandigarh,Chandigarh,Small Business,2024-05-09
C02108,Anaya Reddy,Male,46,Nagpur,Maharashtra,Consumer,2024-11-04
C02109,Varun Chopra,Male,42,Mumbai,Maharashtra,Small Business,2024-06-26
C02110,Aadhya Patel,Male,38,Nagpur,Maharashtra,Consumer,2024-06-15
C02111,Arjun Mehta,Female,21,Kochi,Kerala,Small Business,2024-01-08
C02112,Krishna Patel,Male,45,Indore,Madhya Pradesh,Consumer,2024-07-22
C02113,Karan Bansal,Male,48,Bhopal,Madhya Pradesh,Consumer,2024-02-20
C02114,Meera Verma,Male,29,Mumbai,Maharashtra,Consumer,2024-01-28
C02115,Aarav Iyer,Male,26,Ahmedabad,Gujarat,Small Business,2024-01-01
C02116,Anaya Malhotra,Female,58,Chennai,Tamil Nadu,Corporate,2025-04-04
C02117,Rahul Sharma,Female,42,Bhopal,Madhya Pradesh,Consumer,2023-04-04
C02118,Sara Sharma,Male,23,Mumbai,Maharashtra,Consumer,2023-08-25
C02119,Aarav Chopra,Male,64,Ahmedabad,Gujarat,Small Business,2025-01-20
C02120,Anaya Shah,Female,29,Bhopal,Madhya Pradesh,Consumer,2024-09-28
C02121,Arjun Das,Female,63,Bhopal,Madhya Pradesh,Consumer,2023-01-25
C02122,Kiara Sharma,Male,61,Chennai,Tamil Nadu,Consumer,2024-09-20
C02123,Sara Gupta,Female,62,Nagpur,Maharashtra,Corporate,2023-01-27
C02124,Aditya Chopra,Female,51,Bengaluru,Karnataka,Corporate,2023-11-24
C02125,Reyansh Joshi,Male,50,Ahmedabad,Gujarat,Consumer,2024-04-25
C02126,Vivaan Shah,Male,65,Chandigarh,Chandigarh,Consumer,2024-05-16
C02127,Riya Iyer,Male,21,Pune,Maharashtra,Consumer,2023-01-21
C02128,Anika Agarwal,Male,53,Kolkata,West Bengal,Consumer,2023-02-16
C02129,Kiara Gupta,Female,50,Bengaluru,Karnataka,Consumer,2023-07-27
C02130,Meera Singh,Female,42,Mumbai,Maharashtra,Corporate,2025-01-12
C02131,Anaya Nair,Male,33,Delhi,Delhi,Corporate,2025-06-17
C02132,Arjun Khan,Female,23,Indore,Madhya Pradesh,Corporate,2025-04-01
C02133,Karan Shah,Female,41,Hyderabad,Telangana,Consumer,2024-09-08
C02134,Meera Joshi,Male,54,Jaipur,Rajasthan,Corporate,2023-06-25
C02135,Varun Agarwal,Male,26,Bhopal,Madhya Pradesh,Consumer,2023-05-20
C02136,Sara Bansal,Female,49,Nagpur,Maharashtra,Corporate,2025-04-28
C02137,Rohan Chopra,Female,29,Kolkata,West Bengal,Consumer,2023-05-07
C02138,Aarav Saxena,Male,62,Mumbai,Maharashtra,Consumer,2024-10-14
C02139,Meera Mishra,Male,63,Kolkata,West Bengal,Corporate,2023-05-14
C02140,Riya Reddy,Female,30,Hyderabad,Telangana,Corporate,2025-05-04
C02141,Varun Khan,Female,64,Indore,Madhya Pradesh,Consumer,2023-10-25
C02142,Anika Malhotra,Male,50,Delhi,Delhi,Consumer,2024-12-28
C02143,Tanya Kapoor,Female,52,Bhopal,Madhya Pradesh,Small Business,2025-06-13
C02144,Aditya Nair,Male,42,Bhopal,Madhya Pradesh,Consumer,2024-01-21
C02145,Krishna Singh,Male,39,Delhi,Delhi,Corporate,2023-09-28
C02146,Arjun Joshi,Male,39,Chandigarh,Chandigarh,Consumer,2025-01-07
C02147,Diya Sharma,Female,62,Indore,Madhya Pradesh,Consumer,2023-11-20
C02148,Nisha Bansal,Male,43,Chennai,Tamil Nadu,Corporate,2023-03-10
C02149,Ishaan Das,Male,65,Nagpur,Maharashtra,Small Business,2024-05-07
C02150,Ishaan Singh,Male,44,Nagpur,Maharashtra,Consumer,2024-04-25
C02151,Ira Gupta,Male,46,Bengaluru,Karnataka,Consumer,2023-04-16
C02152,Aadhya Joshi,Female,62,Lucknow,Uttar Pradesh,Consumer,2025-05-12
C02153,Kiara Gupta,Male,18,Surat,Gujarat,Small Business,2024-03-22
C02154,Aditya Sharma,Female,20,Bengaluru,Karnataka,Corporate,2023-06-17
C02155,Riya Verma,Female,44,Surat,Gujarat,Consumer,2023-08-10
C02156,Diya Verma,Female,34,Bengaluru,Karnataka,Consumer,2023-02-28
C02157,Krishna Das,Female,31,Delhi,Delhi,Consumer,2024-01-17
C02158,Nisha Bansal,Male,38,Surat,Gujarat,Corporate,2024-07-05
C02159,Sara Patel,Male,59,Mumbai,Maharashtra,Consumer,2024-08-09
C02160,Myra Singh,Female,47,Chennai,Tamil Nadu,Consumer,2025-01-31
C02161,Vivaan Mishra,Male,65,Bhopal,Madhya Pradesh,Consumer,2023-10-05
C02162,Kiara Reddy,Female,31,Kochi,Kerala,Consumer,2023-08-14
C02163,Meera Reddy,Female,32,Indore,Madhya Pradesh,Small Business,2023-12-20
C02164,Reyansh Sharma,Male,48,Mumbai,Maharashtra,Consumer,2023-01-22
C02165,Anaya Chopra,Male,49,Chennai,Tamil Nadu,Consumer,2023-04-24
C02166,Ira Das,Male,19,Chandigarh,Chandigarh,Corporate,2024-12-14
C02167,Varun Nair,Female,58,Kolkata,West Bengal,Small Business,2025-04-03
C02168,Rohan Agarwal,Female,61,Pune,Maharashtra,Consumer,2024-06-27
C02169,Varun Mishra,Female,43,Delhi,Delhi,Consumer,2024-03-31
C02170,Rohan Shah,Male,62,Delhi,Delhi,Consumer,2023-09-20
C02171,Vivaan Joshi,Male,30,Nagpur,Maharashtra,Corporate,2023-12-27
C02172,Aditya Nair,Male,21,Pune,Maharashtra,Consumer,2024-10-11
C02173,Diya Khan,Female,23,Hyderabad,Telangana,Corporate,2025-01-06
C02174,Riya Malhotra,Female,54,Bhopal,Madhya Pradesh,Corporate,2024-04-10
C02175,Meera Singh,Male,42,Mumbai,Maharashtra,Consumer,2024-06-22
C02176,Aadhya Agarwal,Male,47,Hyderabad,Telangana,Consumer,2023-08-02
C02177,Ishaan Sharma,Female,20,Bhopal,Madhya Pradesh,Consumer,2024-12-24
C02178,Aarav Mehta,Female,26,Chennai,Tamil Nadu,Consumer,2023-12-30
C02179,Sara Chopra,Male,51,Bengaluru,Karnataka,Consumer,2023-06-26
C02180,Rahul Joshi,Female,19,Indore,Madhya Pradesh,Corporate,2024-02-01
C02181,Nisha Malhotra,Male,36,Kolkata,West Bengal,Consumer,2023-11-01
C02182,Varun Malhotra,Female,55,Bengaluru,Karnataka,Consumer,2023-01-05
C02183,Aditya Nair,Male,57,Indore,Madhya Pradesh,Consumer,2024-09-19
C02184,Diya Mehta,Female,58,Kolkata,West Bengal,Consumer,2025-03-29
C02185,Rahul Shah,Male,42,Indore,Madhya Pradesh,Consumer,2024-09-14
C02186,Meera Das,Male,37,Indore,Madhya Pradesh,Consumer,2023-01-08
C02187,Aadhya Shah,Other,58,Mumbai,Maharashtra,Consumer,2025-01-01
C02188,Krishna Reddy,Male,42,Bengaluru,Karnataka,Consumer,2023-07-09
C02189,Varun Iyer,Female,36,Ahmedabad,Gujarat,Consumer,2024-11-07
C02190,Ishaan Patel,Female,54,Indore,Madhya Pradesh,Consumer,2023-05-23
C02191,Sara Verma,Male,49,Nagpur,Maharashtra,Consumer,2023-05-31
C02192,Sara Gupta,Male,32,Bengaluru,Karnataka,Small Business,2023-02-23
C02193,Riya Verma,Female,38,Nagpur,Maharashtra,Corporate,2023-10-25
C02194,Arjun Verma,Female,62,Surat,Gujarat,Corporate,2025-01-08
C02195,Ishaan Singh,Female,27,Indore,Madhya Pradesh,Corporate,2024-08-29
C02196,Rahul Joshi,Female,63,Bengaluru,Karnataka,Consumer,2023-08-02
C02197,Karan Chopra,Female,34,Kolkata,West Bengal,Small Business,2023-08-06
C02198,Meera Bansal,Female,19,Kochi,Kerala,Consumer,2025-04-03
C02199,Nisha Joshi,Male,18,Delhi,Delhi,Consumer,2025-04-20
C02200,Tanya Joshi,Male,37,Chandigarh,Chandigarh,Small Business,2024-09-15
C02201,Aditya Singh,Male,27,Pune,Maharashtra,Consumer,2024-07-13
C02202,Kiara Sharma,Male,65,Indore,Madhya Pradesh,Consumer,2024-12-09
C02203,Rahul Nair,Male,23,Pune,Maharashtra,Small Business,2023-07-26
C02204,Ishaan Das,Female,36,Pune,Maharashtra,Consumer,2024-05-22
C02205,Anaya Gupta,Female,60,Kochi,Kerala,Consumer,2024-05-11
C02206,Kiara Mishra,Female,25,Delhi,Delhi,Corporate,2025-05-24
C02207,Riya Sharma,Male,56,Hyderabad,Telangana,Consumer,2024-12-19
C02208,Riya Patel,Female,29,Ahmedabad,Gujarat,Consumer,2025-02-28
C02209,Arjun Kapoor,Male,31,Delhi,Delhi,Corporate,2024-07-10
C02210,Rohan Iyer,Male,32,Hyderabad,Telangana,Consumer,2024-05-30
C02211,Reyansh Sharma,Female,57,Indore,Madhya Pradesh,Corporate,2023-06-29
C02212,Ira Das,Other,34,Delhi,Delhi,Consumer,2025-01-02
C02213,Kabir Saxena,Male,40,Lucknow,Uttar Pradesh,Consumer,2023-03-02
C02214,Diya Gupta,Female,55,Pune,Maharashtra,Consumer,2024-02-10
C02215,Aditya Das,Female,18,Lucknow,Uttar Pradesh,Consumer,2024-08-13
C02216,Kiara Khan,Male,59,Bengaluru,Karnataka,Consumer,2024-10-12
C02217,Rohan Das,Male,34,Lucknow,Uttar Pradesh,Consumer,2024-04-08
C02218,Meera Malhotra,Female,55,Bhopal,Madhya Pradesh,Consumer,2023-04-24
C02219,Riya Sharma,Male,65,Pune,Maharashtra,Consumer,2024-11-10
C02220,Varun Chopra,Male,48,Bhopal,Madhya Pradesh,Consumer,2023-11-02
C02221,Aadhya Kapoor,Female,34,Ahmedabad,Gujarat,Consumer,2023-12-14
C02222,Anaya Das,Female,53,Ahmedabad,Gujarat,Consumer,2023-05-29
C02223,Anaya Shah,Male,52,Delhi,Delhi,Consumer,2024-02-27
C02224,Aarav Mishra,Female,35,Chennai,Tamil Nadu,Small Business,2023-12-23
C02225,Ishaan Mehta,Male,33,Jaipur,Rajasthan,Consumer,2023-01-20
C02226,Vivaan Verma,Male,61,Bengaluru,Karnataka,Corporate,2023-04-03
C02227,Ira Khan,Male,30,Ahmedabad,Gujarat,Consumer,2025-04-24
C02228,Ishaan Iyer,Other,46,Chennai,Tamil Nadu,Consumer,2023-07-13
C02229,Reyansh Reddy,Male,25,Bengaluru,Karnataka,Corporate,2024-04-26
C02230,Ira Malhotra,Male,61,Kochi,Kerala,Small Business,2023-04-10
C02231,Sara Reddy,Male,61,Pune,Maharashtra,Consumer,2023-10-13
C02232,Sara Das,Male,34,Delhi,Delhi,Corporate,2024-07-15
C02233,Aditya Malhotra,Male,40,Indore,Madhya Pradesh,Consumer,2025-05-18
C02234,Varun Sharma,Female,48,Indore,Madhya Pradesh,Corporate,2023-01-21
C02235,Tanya Patel,Female,58,Kochi,Kerala,Consumer,2025-03-14
C02236,Aadhya Khan,Other,56,Indore,Madhya Pradesh,Consumer,2025-03-06
C02237,Karan Iyer,Male,21,Ahmedabad,Gujarat,Small Business,2023-03-25
C02238,Aadhya Kapoor,Female,32,Nagpur,Maharashtra,Consumer,2023-04-06
C02239,Ira Reddy,Male,32,Kolkata,West Bengal,Consumer,2024-09-12
C02240,Meera Singh,Female,18,Jaipur,Rajasthan,Corporate,2024-10-08
C02241,Aadhya Joshi,Female,28,Nagpur,Maharashtra,Small Business,2023-04-27
C02242,Anika Joshi,Male,60,Kochi,Kerala,Consumer,2025-01-16
C02243,Reyansh Shah,Female,50,Chandigarh,Chandigarh,Consumer,2024-05-01
C02244,Anika Gupta,Male,54,Bhopal,Madhya Pradesh,Small Business,2023-02-02
C02245,Varun Gupta,Other,29,Kolkata,West Bengal,Corporate,2024-01-15
C02246,Karan Reddy,Male,22,Kochi,Kerala,Consumer,2023-09-14
C02247,Reyansh Reddy,Female,59,Ahmedabad,Gujarat,Consumer,2024-01-29
C02248,Kabir Iyer,Male,38,Pune,Maharashtra,Consumer,2023-01-10
C02249,Anika Reddy,Female,44,Bengaluru,Karnataka,Consumer,2023-01-17
C02250,Vivaan Joshi,Female,20,Hyderabad,Telangana,Consumer,2023-04-25
C02251,Krishna Malhotra,Male,18,Chennai,Tamil Nadu,Consumer,2023-09-13
C02252,Aadhya Reddy,Female,41,Surat,Gujarat,Corporate,2024-03-11
C02253,Kabir Bansal,Male,28,Chennai,Tamil Nadu,Corporate,2024-09-14
C02254,Anaya Das,Female,36,Delhi,Delhi,Consumer,2025-01-12
C02255,Rohan Gupta,Male,42,Chandigarh,Chandigarh,Consumer,2023-03-20
C02256,Vivaan Patel,Male,18,Kolkata,West Bengal,Small Business,2024-03-04
C02257,Kabir Sharma,Female,34,Bengaluru,Karnataka,Consumer,2023-09-18
C02258,Myra Verma,Female,61,Kochi,Kerala,Consumer,2024-11-01
C02259,Aarav Bansal,Male,36,Pune,Maharashtra,Consumer,2024-12-11
C02260,Karan Iyer,Male,60,Surat,Gujarat,Consumer,2025-03-14
C02261,Aadhya Joshi,Male,33,Nagpur,Maharashtra,Consumer,2023-08-06
C02262,Krishna Mishra,Female,42,Chandigarh,Chandigarh,Consumer,2024-10-21
C02263,Kiara Saxena,Male,59,Lucknow,Uttar Pradesh,Consumer,2023-09-11
C02264,Vivaan Agarwal,Female,51,Delhi,Delhi,Consumer,2024-06-05
C02265,Anaya Singh,Male,28,Jaipur,Rajasthan,Consumer,2024-07-10
C02266,Kabir Mehta,Female,35,Ahmedabad,Gujarat,Consumer,2025-04-08
C02267,Diya Saxena,Male,48,Nagpur,Maharashtra,Corporate,2025-03-17
C02268,Nisha Singh,Male,48,Kolkata,West Bengal,Consumer,2024-09-23
C02269,Aarav Joshi,Female,27,Kolkata,West Bengal,Consumer,2024-11-12
C02270,Aarav Shah,Female,18,Kolkata,West Bengal,Corporate,2024-05-23
C02271,Ishaan Bansal,Female,51,Delhi,Delhi,Consumer,2023-02-10
C02272,Riya Patel,Male,47,Kochi,Kerala,Corporate,2024-08-19
C02273,Meera Mishra,Male,52,Ahmedabad,Gujarat,Consumer,2024-01-28
C02274,Vivaan Gupta,Male,61,Pune,Maharashtra,Consumer,2024-11-17
C02275,Meera Kapoor,Female,55,Surat,Gujarat,Corporate,2023-03-06
C02276,Reyansh Joshi,Female,65,Pune,Maharashtra,Consumer,2023-09-27
C02277,Krishna Singh,Female,34,Kochi,Kerala,Corporate,2025-05-30
C02278,Vivaan Iyer,Female,48,Kolkata,West Bengal,Corporate,2025-04-17
C02279,Aditya Das,Female,61,Indore,Madhya Pradesh,Corporate,2023-06-07
C02280,Kabir Verma,Female,39,Surat,Gujarat,Small Business,2023-12-05
C02281,Ira Iyer,Female,64,Mumbai,Maharashtra,Consumer,2025-01-23
C02282,Kabir Khan,Male,29,Kolkata,West Bengal,Corporate,2023-09-20
C02283,Kiara Singh,Male,51,Indore,Madhya Pradesh,Consumer,2023-09-24
C02284,Anaya Patel,Female,25,Hyderabad,Telangana,Consumer,2024-10-31
C02285,Diya Sharma,Male,65,Bhopal,Madhya Pradesh,Corporate,2024-12-06
C02286,Diya Mishra,Female,33,Nagpur,Maharashtra,Small Business,2023-06-16
C02287,Reyansh Nair,Female,41,Chennai,Tamil Nadu,Consumer,2023-02-23
C02288,Nisha Joshi,Female,57,Bhopal,Madhya Pradesh,Corporate,2023-02-25
C02289,Myra Mishra,Male,38,Bhopal,Madhya Pradesh,Small Business,2025-01-03
C02290,Krishna Singh,Male,62,Lucknow,Uttar Pradesh,Small Business,2024-05-09
C02291,Diya Chopra,Female,42,Bengaluru,Karnataka,Corporate,2023-06-12
C02292,Arjun Verma,Male,47,Delhi,Delhi,Small Business,2024-05-30
C02293,Krishna Mishra,Female,58,Mumbai,Maharashtra,Consumer,2023-12-26
C02294,Varun Mehta,Male,54,Kolkata,West Bengal,Consumer,2024-04-18
C02295,Tanya Bansal,Female,28,Pune,Maharashtra,Consumer,2023-12-17
C02296,Reyansh Shah,Male,54,Pune,Maharashtra,Corporate,2023-12-16
C02297,Riya Bansal,Female,18,Lucknow,Uttar Pradesh,Small Business,2024-04-22
C02298,Kiara Saxena,Female,30,Surat,Gujarat,Corporate,2024-10-06
C02299,Myra Das,Male,18,Kochi,Kerala,Consumer,2025-05-23
C02300,Rahul Shah,Male,49,Jaipur,Rajasthan,Corporate,2023-11-20
C02301,Diya Kapoor,Male,41,Pune,Maharashtra,Corporate,2023-07-28
C02302,Myra Joshi,Male,33,Chandigarh,Chandigarh,Corporate,2024-08-16
C02303,Rohan Mishra,Male,57,Kolkata,West Bengal,Consumer,2024-12-02
C02304,Riya Joshi,Female,60,Mumbai,Maharashtra,Consumer,2024-12-13
C02305,Aarav Shah,Female,65,Delhi,Delhi,Consumer,2024-05-09
C02306,Aditya Verma,Male,60,Hyderabad,Telangana,Consumer,2024-11-29
C02307,Anaya Kapoor,Female,43,Nagpur,Maharashtra,Corporate,2024-03-21
C02308,Kiara Iyer,Male,38,Delhi,Delhi,Consumer,2024-11-18
C02309,Aditya Chopra,Female,46,Bhopal,Madhya Pradesh,Consumer,2024-04-18
C02310,Riya Nair,Male,38,Surat,Gujarat,Corporate,2024-05-26
C02311,Kiara Patel,Female,20,Hyderabad,Telangana,Small Business,2024-09-23
C02312,Tanya Bansal,Female,48,Surat,Gujarat,Consumer,2024-03-31
C02313,Aarav Singh,Male,27,Bengaluru,Karnataka,Corporate,2025-06-18
C02314,Anika Shah,Male,54,Chennai,Tamil Nadu,Consumer,2023-01-21
C02315,Riya Joshi,Other,32,Pune,Maharashtra,Consumer,2024-08-26
C02316,Aditya Reddy,Male,64,Delhi,Delhi,Consumer,2023-06-04
C02317,Vivaan Patel,Male,30,Lucknow,Uttar Pradesh,Consumer,2024-02-22
C02318,Aditya Chopra,Female,61,Kochi,Kerala,Consumer,2024-07-03
C02319,Tanya Chopra,Male,31,Chandigarh,Chandigarh,Consumer,2024-04-19
C02320,Varun Singh,Male,43,Hyderabad,Telangana,Consumer,2025-04-06
C02321,Vivaan Malhotra,Other,36,Jaipur,Rajasthan,Consumer,2025-05-02
C02322,Ira Saxena,Male,62,Delhi,Delhi,Consumer,2023-03-17
C02323,Karan Kapoor,Male,40,Jaipur,Rajasthan,Corporate,2023-09-19
C02324,Reyansh Gupta,Male,58,Pune,Maharashtra,Consumer,2024-04-19
C02325,Rohan Agarwal,Other,48,Kochi,Kerala,Corporate,2023-05-04
C02326,Aarav Joshi,Female,42,Indore,Madhya Pradesh,Consumer,2025-02-14
C02327,Karan Mehta,Female,40,Pune,Maharashtra,Consumer,2023-11-28
C02328,Ira Sharma,Male,31,Kochi,Kerala,Consumer,2023-12-24
C02329,Myra Shah,Female,38,Ahmedabad,Gujarat,Small Business,2023-06-11
C02330,Varun Kapoor,Male,58,Delhi,Delhi,Consumer,2024-08-04
C02331,Rohan Chopra,Female,24,Bengaluru,Karnataka,Small Business,2023-08-05
C02332,Anika Das,Female,31,Chennai,Tamil Nadu,Consumer,2025-05-05
C02333,Tanya Reddy,Female,59,Kochi,Kerala,Corporate,2024-12-23
C02334,Anika Bansal,Female,51,Kochi,Kerala,Consumer,2023-02-17
C02335,Nisha Chopra,Male,55,Bhopal,Madhya Pradesh,Consumer,2025-04-03
C02336,Aditya Agarwal,Male,19,Delhi,Delhi,Corporate,2024-05-09
C02337,Krishna Mehta,Male,37,Mumbai,Maharashtra,Consumer,2024-09-21
C02338,Vivaan Malhotra,Male,39,Chandigarh,Chandigarh,Small Business,2025-05-06
C02339,Anika Mishra,Male,18,Bengaluru,Karnataka,Small Business,2023-10-21
C02340,Diya Mishra,Male,23,Nagpur,Maharashtra,Consumer,2023-04-09
C02341,Arjun Saxena,Female,21,Nagpur,Maharashtra,Corporate,2023-08-11
C02342,Arjun Das,Male,28,Pune,Maharashtra,Consumer,2024-11-28
C02343,Aadhya Das,Male,62,Jaipur,Rajasthan,Consumer,2025-04-14
C02344,Nisha Saxena,Male,32,Hyderabad,Telangana,Consumer,2024-06-12
C02345,Arjun Bansal,Male,43,Jaipur,Rajasthan,Consumer,2023-07-13
C02346,Karan Verma,Male,45,Delhi,Delhi,Consumer,2025-04-07
C02347,Ira Verma,Male,56,Surat,Gujarat,Consumer,2025-05-01
C02348,Sara Singh,Female,50,Kochi,Kerala,Consumer,2024-07-20
C02349,Rahul Mehta,Female,57,Indore,Madhya Pradesh,Small Business,2024-02-21
C02350,Ira Joshi,Female,36,Jaipur,Rajasthan,Corporate,2023-12-27
C02351,Ira Saxena,Female,55,Kolkata,West Bengal,Consumer,2024-10-26
C02352,Aditya Singh,Female,37,Kochi,Kerala,Consumer,2024-04-03
C02353,Reyansh Patel,Male,50,Chennai,Tamil Nadu,Small Business,2024-07-30
C02354,Arjun Das,Female,27,Lucknow,Uttar Pradesh,Consumer,2024-12-28
C02355,Varun Patel,Female,56,Kolkata,West Bengal,Consumer,2023-10-01
C02356,Myra Verma,Male,28,Mumbai,Maharashtra,Corporate,2024-10-19
C02357,Kabir Nair,Female,55,Pune,Maharashtra,Consumer,2024-03-22
C02358,Anaya Das,Male,64,Surat,Gujarat,Consumer,2024-11-22
C02359,Tanya Mehta,Female,60,Bengaluru,Karnataka,Consumer,2023-02-11
C02360,Aadhya Singh,Male,40,Chennai,Tamil Nadu,Corporate,2025-05-13
C02361,Rohan Shah,Male,39,Indore,Madhya Pradesh,Consumer,2025-06-07
C02362,Myra Mehta,Female,52,Chandigarh,Chandigarh,Small Business,2023-02-27
C02363,Kiara Chopra,Female,25,Lucknow,Uttar Pradesh,Small Business,2023-08-05
C02364,Anika Sharma,Female,50,Chandigarh,Chandigarh,Small Business,2025-05-22
C02365,Rahul Joshi,Male,32,Surat,Gujarat,Corporate,2025-02-27
C02366,Nisha Bansal,Male,27,Nagpur,Maharashtra,Consumer,2023-10-17
C02367,Sara Iyer,Female,30,Pune,Maharashtra,Corporate,2023-10-24
C02368,Diya Singh,Female,47,Bhopal,Madhya Pradesh,Consumer,2023-10-30
C02369,Rahul Saxena,Female,54,Bengaluru,Karnataka,Consumer,2024-07-01
C02370,Arjun Malhotra,Other,28,Indore,Madhya Pradesh,Consumer,2024-12-01
C02371,Karan Chopra,Female,32,Jaipur,Rajasthan,Consumer,2024-08-10
C02372,Aditya Khan,Male,60,Hyderabad,Telangana,Corporate,2023-09-21
C02373,Diya Reddy,Male,45,Hyderabad,Telangana,Corporate,2024-06-28
C02374,Aditya Shah,Male,40,Kolkata,West Bengal,Corporate,2025-01-17
C02375,Rohan Iyer,Male,51,Nagpur,Maharashtra,Corporate,2024-09-15
C02376,Rahul Mishra,Other,53,Ahmedabad,Gujarat,Consumer,2025-02-26
C02377,Aarav Verma,Male,28,Indore,Madhya Pradesh,Consumer,2024-03-25
C02378,Myra Sharma,Male,23,Lucknow,Uttar Pradesh,Corporate,2025-02-01
C02379,Nisha Patel,Male,24,Chennai,Tamil Nadu,Consumer,2023-01-11
C02380,Ira Bansal,Male,46,Nagpur,Maharashtra,Corporate,2024-08-04
C02381,Reyansh Iyer,Male,38,Bhopal,Madhya Pradesh,Consumer,2023-11-04
C02382,Kiara Saxena,Male,48,Chennai,Tamil Nadu,Consumer,2024-11-20
C02383,Aadhya Bansal,Female,26,Delhi,Delhi,Consumer,2025-03-10
C02384,Reyansh Patel,Other,18,Nagpur,Maharashtra,Consumer,2024-10-09
C02385,Kabir Khan,Male,61,Mumbai,Maharashtra,Consumer,2023-10-07
C02386,Meera Das,Female,40,Nagpur,Maharashtra,Consumer,2024-02-22
C02387,Rahul Agarwal,Female,52,Delhi,Delhi,Small Business,2025-04-11
C02388,Nisha Bansal,Male,58,Delhi,Delhi,Consumer,2024-11-26
C02389,Aditya Shah,Female,58,Pune,Maharashtra,Consumer,2023-02-08
C02390,Kabir Singh,Male,44,Chennai,Tamil Nadu,Corporate,2023-06-10
C02391,Sara Shah,Male,58,Jaipur,Rajasthan,Small Business,2023-10-21
C02392,Rohan Chopra,Male,36,Bengaluru,Karnataka,Corporate,2023-07-13
C02393,Vivaan Chopra,Female,32,Mumbai,Maharashtra,Consumer,2024-06-07
C02394,Tanya Mehta,Female,39,Kochi,Kerala,Consumer,2023-09-30
C02395,Rahul Bansal,Female,25,Indore,Madhya Pradesh,Small Business,2023-04-02
C02396,Myra Agarwal,Male,58,Indore,Madhya Pradesh,Corporate,2024-02-23
C02397,Kiara Kapoor,Other,29,Nagpur,Maharashtra,Small Business,2024-10-05
C02398,Meera Verma,Female,58,Bengaluru,Karnataka,Small Business,2023-06-07
C02399,Ishaan Iyer,Other,43,Nagpur,Maharashtra,Consumer,2023-11-29
C02400,Ira Khan,Female,31,Bengaluru,Karnataka,Small Business,2025-04-26
C02401,Vivaan Gupta,Male,29,Kochi,Kerala,Consumer,2024-01-01
C02402,Ira Joshi,Female,34,Lucknow,Uttar Pradesh,Consumer,2023-09-21
C02403,Anika Reddy,Male,36,Chandigarh,Chandigarh,Consumer,2023-02-04
C02404,Riya Saxena,Female,48,Mumbai,Maharashtra,Corporate,2024-10-31
C02405,Aditya Kapoor,Male,35,Indore,Madhya Pradesh,Consumer,2023-06-08
C02406,Reyansh Bansal,Female,27,Kolkata,West Bengal,Corporate,2024-08-07
C02407,Kabir Joshi,Female,47,Surat,Gujarat,Corporate,2024-02-19
C02408,Vivaan Gupta,Male,47,Pune,Maharashtra,Consumer,2023-10-24
C02409,Karan Malhotra,Female,52,Mumbai,Maharashtra,Corporate,2023-08-15
C02410,Nisha Patel,Female,55,Chandigarh,Chandigarh,Consumer,2024-12-25
C02411,Kiara Reddy,Female,51,Chandigarh,Chandigarh,Corporate,2024-02-03
C02412,Sara Singh,Female,24,Ahmedabad,Gujarat,Corporate,2024-06-29
C02413,Sara Nair,Male,31,Hyderabad,Telangana,Corporate,2025-01-07
C02414,Riya Gupta,Female,40,Ahmedabad,Gujarat,Consumer,2024-11-17
C02415,Kabir Singh,Female,44,Kolkata,West Bengal,Consumer,2023-03-26
C02416,Vivaan Singh,Other,44,Indore,Madhya Pradesh,Consumer,2024-02-14
C02417,Anika Iyer,Other,30,Jaipur,Rajasthan,Consumer,2023-02-15
C02418,Krishna Khan,Female,23,Ahmedabad,Gujarat,Consumer,2024-12-02
C02419,Krishna Nair,Male,54,Surat,Gujarat,Small Business,2025-03-08
C02420,Krishna Verma,Male,24,Jaipur,Rajasthan,Consumer,2023-12-06
C02421,Meera Kapoor,Male,29,Delhi,Delhi,Consumer,2023-07-01
C02422,Riya Khan,Female,32,Nagpur,Maharashtra,Consumer,2024-11-16
C02423,Karan Gupta,Female,25,Surat,Gujarat,Consumer,2023-11-27
C02424,Myra Das,Female,53,Hyderabad,Telangana,Consumer,2024-09-01
C02425,Nisha Iyer,Male,62,Nagpur,Maharashtra,Consumer,2023-10-27
C02426,Anika Das,Male,23,Chandigarh,Chandigarh,Consumer,2025-05-17
C02427,Kiara Chopra,Female,56,Kochi,Kerala,Consumer,2025-02-03
C02428,Anika Gupta,Female,55,Indore,Madhya Pradesh,Consumer,2023-09-24
C02429,Aadhya Bansal,Male,62,Lucknow,Uttar Pradesh,Consumer,2023-05-07
C02430,Ishaan Saxena,Male,22,Kochi,Kerala,Consumer,2024-03-30
C02431,Rohan Gupta,Male,55,Nagpur,Maharashtra,Consumer,2023-05-29
C02432,Karan Gupta,Male,64,Chandigarh,Chandigarh,Consumer,2024-03-02
C02433,Diya Reddy,Other,64,Chennai,Tamil Nadu,Corporate,2024-03-16
C02434,Myra Kapoor,Female,65,Hyderabad,Telangana,Consumer,2025-04-24
C02435,Sara Khan,Other,62,Delhi,Delhi,Small Business,2024-07-06
C02436,Ira Mehta,Other,34,Ahmedabad,Gujarat,Consumer,2023-07-16
C02437,Rohan Das,Male,51,Chennai,Tamil Nadu,Consumer,2024-04-09
C02438,Sara Bansal,Male,37,Nagpur,Maharashtra,Consumer,2023-12-31
C02439,Ishaan Nair,Female,61,Kochi,Kerala,Consumer,2024-01-23
C02440,Ishaan Mishra,Female,39,Ahmedabad,Gujarat,Consumer,2024-04-23
C02441,Vivaan Malhotra,Female,31,Surat,Gujarat,Consumer,2023-11-28
C02442,Meera Nair,Female,39,Hyderabad,Telangana,Consumer,2025-06-17
C02443,Aadhya Nair,Male,47,Jaipur,Rajasthan,Consumer,2024-04-24
C02444,Reyansh Patel,Male,45,Bhopal,Madhya Pradesh,Corporate,2023-11-11
C02445,Aarav Joshi,Male,61,Bengaluru,Karnataka,Consumer,2024-10-10
C02446,Rohan Singh,Male,34,Nagpur,Maharashtra,Corporate,2023-04-18
C02447,Kiara Chopra,Male,34,Kochi,Kerala,Consumer,2024-05-30
C02448,Rahul Khan,Female,52,Chandigarh,Chandigarh,Consumer,2025-05-27
C02449,Riya Joshi,Female,37,Nagpur,Maharashtra,Corporate,2024-06-04
C02450,Diya Patel,Other,56,Surat,Gujarat,Consumer,2024-11-21
C02451,Anika Mishra,Male,18,Jaipur,Rajasthan,Consumer,2023-04-22
C02452,Karan Singh,Female,48,Kolkata,West Bengal,Consumer,2025-06-14
C02453,Arjun Nair,Male,61,Chennai,Tamil Nadu,Consumer,2023-05-29
C02454,Ira Patel,Other,32,Bhopal,Madhya Pradesh,Corporate,2023-10-23
C02455,Vivaan Kapoor,Male,47,Surat,Gujarat,Small Business,2024-08-21
C02456,Diya Gupta,Female,50,Pune,Maharashtra,Consumer,2023-05-01
C02457,Krishna Nair,Female,38,Kolkata,West Bengal,Corporate,2023-05-23
C02458,Krishna Verma,Male,41,Chennai,Tamil Nadu,Consumer,2023-03-15
C02459,Ishaan Bansal,Female,29,Mumbai,Maharashtra,Consumer,2023-02-16
C02460,Anaya Malhotra,Female,31,Surat,Gujarat,Consumer,2024-01-12
C02461,Nisha Das,Male,23,Kolkata,West Bengal,Consumer,2024-07-11
C02462,Karan Patel,Female,58,Pune,Maharashtra,Consumer,2024-04-13
C02463,Riya Khan,Male,49,Hyderabad,Telangana,Consumer,2024-07-27
C02464,Meera Gupta,Other,26,Chennai,Tamil Nadu,Consumer,2024-10-20
C02465,Sara Nair,Male,46,Ahmedabad,Gujarat,Consumer,2025-05-03
C02466,Riya Das,Female,62,Pune,Maharashtra,Consumer,2025-01-04
C02467,Riya Saxena,Female,25,Jaipur,Rajasthan,Small Business,2024-05-08
C02468,Aditya Nair,Male,61,Chandigarh,Chandigarh,Consumer,2025-02-19
C02469,Arjun Khan,Female,39,Hyderabad,Telangana,Consumer,2023-03-27
C02470,Aadhya Mishra,Female,54,Jaipur,Rajasthan,Corporate,2024-01-18
C02471,Arjun Shah,Female,25,Kolkata,West Bengal,Consumer,2025-05-19
C02472,Riya Chopra,Male,33,Surat,Gujarat,Consumer,2024-08-31
C02473,Arjun Das,Female,33,Ahmedabad,Gujarat,Consumer,2023-06-14
C02474,Aditya Das,Female,31,Kochi,Kerala,Consumer,2023-09-12
C02475,Krishna Das,Male,55,Pune,Maharashtra,Small Business,2024-04-09
C02476,Rohan Agarwal,Female,55,Ahmedabad,Gujarat,Consumer,2023-10-22
C02477,Anaya Mishra,Female,19,Mumbai,Maharashtra,Corporate,2024-04-07
C02478,Aditya Mishra,Female,42,Delhi,Delhi,Consumer,2024-09-13
C02479,Anaya Gupta,Male,29,Pune,Maharashtra,Consumer,2023-01-13
C02480,Aarav Iyer,Male,43,Surat,Gujarat,Consumer,2023-06-16
C02481,Nisha Mehta,Female,52,Bengaluru,Karnataka,Small Business,2024-05-14
C02482,Tanya Iyer,Female,19,Lucknow,Uttar Pradesh,Corporate,2025-03-06
C02483,Diya Khan,Male,21,Chandigarh,Chandigarh,Corporate,2025-03-13
C02484,Karan Nair,Male,56,Lucknow,Uttar Pradesh,Corporate,2024-01-18
C02485,Krishna Reddy,Female,46,Bhopal,Madhya Pradesh,Consumer,2024-03-11
C02486,Kiara Singh,Female,33,Bhopal,Madhya Pradesh,Small Business,2023-12-24
C02487,Anaya Joshi,Female,28,Jaipur,Rajasthan,Consumer,2024-06-09
C02488,Aditya Khan,Male,32,Chandigarh,Chandigarh,Consumer,2024-08-05
C02489,Vivaan Sharma,Female,26,Chennai,Tamil Nadu,Consumer,2025-03-09
C02490,Meera Singh,Male,60,Mumbai,Maharashtra,Consumer,2023-06-10
C02491,Diya Mehta,Male,42,Delhi,Delhi,Corporate,2025-05-24
C02492,Arjun Kapoor,Male,52,Lucknow,Uttar Pradesh,Consumer,2023-10-09
C02493,Kabir Mehta,Male,22,Nagpur,Maharashtra,Consumer,2024-02-23
C02494,Sara Iyer,Female,35,Kochi,Kerala,Consumer,2024-08-07
C02495,Nisha Shah,Female,22,Bengaluru,Karnataka,Consumer,2025-01-20
C02496,Meera Singh,Male,29,Chandigarh,Chandigarh,Small Business,2023-02-25
C02497,Ira Verma,Male,57,Nagpur,Maharashtra,Consumer,2025-04-01
C02498,Diya Sharma,Male,49,Kochi,Kerala,Corporate,2023-05-04
C02499,Rahul Verma,Male,42,Lucknow,Uttar Pradesh,Corporate,2023-05-18
C02500,Myra Reddy,Male,43,Hyderabad,Telangana,Consumer,2023-08-14
C02501,Ira Shah,Female,55,Mumbai,Maharashtra,Consumer,2024-09-06
C02502,Myra Khan,Female,59,Delhi,Delhi,Consumer,2023-11-15
C02503,Vivaan Kapoor,Male,44,Indore,Madhya Pradesh,Consumer,2023-02-22
C02504,Ishaan Mishra,Female,59,Delhi,Delhi,Corporate,2024-05-20
C02505,Krishna Sharma,Female,26,Kolkata,West Bengal,Consumer,2023-05-17
C02506,Varun Sharma,Female,61,Hyderabad,Telangana,Consumer,2023-11-14
C02507,Sara Gupta,Female,37,Hyderabad,Telangana,Consumer,2023-08-15
C02508,Kiara Shah,Female,51,Jaipur,Rajasthan,Consumer,2025-02-15
C02509,Anaya Das,Female,62,Kochi,Kerala,Consumer,2023-09-22
C02510,Rahul Kapoor,Female,49,Pune,Maharashtra,Consumer,2024-05-11
C02511,Sara Nair,Male,53,Nagpur,Maharashtra,Corporate,2023-09-21
C02512,Anika Singh,Other,44,Jaipur,Rajasthan,Corporate,2025-05-13
C02513,Reyansh Khan,Female,45,Chennai,Tamil Nadu,Small Business,2024-05-31
C02514,Aarav Mehta,Female,20,Hyderabad,Telangana,Consumer,2024-06-11
C02515,Diya Mehta,Female,23,Surat,Gujarat,Consumer,2023-01-05
C02516,Aarav Mehta,Female,48,Indore,Madhya Pradesh,Consumer,2023-11-13
C02517,Rohan Joshi,Female,59,Jaipur,Rajasthan,Consumer,2023-03-30
C02518,Riya Shah,Male,61,Delhi,Delhi,Consumer,2025-05-15
C02519,Karan Das,Female,37,Chandigarh,Chandigarh,Consumer,2024-05-25
C02520,Aarav Gupta,Male,42,Hyderabad,Telangana,Consumer,2024-04-01
C02521,Myra Chopra,Female,26,Chennai,Tamil Nadu,Consumer,2023-09-02
C02522,Riya Iyer,Male,25,Jaipur,Rajasthan,Consumer,2023-02-21
C02523,Kabir Das,Female,20,Mumbai,Maharashtra,Consumer,2024-01-13
C02524,Arjun Sharma,Female,58,Ahmedabad,Gujarat,Small Business,2024-04-11
C02525,Kabir Singh,Male,23,Kochi,Kerala,Consumer,2024-07-13
C02526,Rohan Gupta,Male,50,Chennai,Tamil Nadu,Consumer,2025-04-10
C02527,Reyansh Iyer,Male,48,Ahmedabad,Gujarat,Consumer,2024-10-22
C02528,Diya Iyer,Other,58,Bengaluru,Karnataka,Consumer,2023-02-26
C02529,Aditya Nair,Male,32,Bengaluru,Karnataka,Consumer,2023-10-21
C02530,Anika Shah,Female,34,Hyderabad,Telangana,Consumer,2024-04-25
C02531,Nisha Kapoor,Male,24,Pune,Maharashtra,Consumer,2024-02-11
C02532,Kabir Khan,Female,54,Pune,Maharashtra,Consumer,2024-09-24
C02533,Tanya Nair,Male,50,Jaipur,Rajasthan,Corporate,2024-02-06
C02534,Arjun Agarwal,Male,65,Nagpur,Maharashtra,Consumer,2024-05-30
C02535,Kabir Mehta,Female,47,Nagpur,Maharashtra,Corporate,2024-05-26
C02536,Anaya Malhotra,Female,20,Jaipur,Rajasthan,Consumer,2023-05-20
C02537,Vivaan Iyer,Male,44,Bengaluru,Karnataka,Corporate,2024-07-31
C02538,Nisha Chopra,Male,36,Jaipur,Rajasthan,Corporate,2025-04-27
C02539,Karan Gupta,Female,49,Jaipur,Rajasthan,Consumer,2023-11-19
C02540,Riya Kapoor,Female,30,Bhopal,Madhya Pradesh,Small Business,2023-03-08
C02541,Kiara Gupta,Male,19,Bengaluru,Karnataka,Corporate,2023-08-16
C02542,Sara Saxena,Female,38,Jaipur,Rajasthan,Corporate,2023-08-03
C02543,Rohan Iyer,Female,33,Pune,Maharashtra,Consumer,2024-10-22
C02544,Vivaan Patel,Female,38,Chennai,Tamil Nadu,Consumer,2024-12-10
C02545,Diya Saxena,Male,44,Ahmedabad,Gujarat,Small Business,2024-12-02
C02546,Anaya Malhotra,Male,35,Mumbai,Maharashtra,Consumer,2023-01-20
C02547,Ira Verma,Female,61,Mumbai,Maharashtra,Consumer,2024-09-04
C02548,Diya Nair,Female,50,Chandigarh,Chandigarh,Corporate,2025-02-25
C02549,Rohan Patel,Male,35,Kochi,Kerala,Corporate,2023-10-11
C02550,Aadhya Saxena,Female,18,Pune,Maharashtra,Consumer,2023-03-15
C02551,Aadhya Sharma,Male,25,Kochi,Kerala,Corporate,2024-11-28
C02552,Rahul Bansal,Male,36,Lucknow,Uttar Pradesh,Corporate,2023-04-22
C02553,Riya Kapoor,Male,42,Kochi,Kerala,Small Business,2024-03-03
C02554,Krishna Sharma,Female,50,Indore,Madhya Pradesh,Consumer,2023-01-25
C02555,Varun Mehta,Female,51,Kolkata,West Bengal,Consumer,2024-02-29
C02556,Varun Kapoor,Female,54,Jaipur,Rajasthan,Consumer,2024-04-11
C02557,Varun Shah,Male,47,Kochi,Kerala,Consumer,2023-09-29
C02558,Myra Shah,Male,46,Delhi,Delhi,Consumer,2023-10-03
C02559,Kabir Das,Female,46,Surat,Gujarat,Consumer,2024-09-05
C02560,Anaya Shah,Female,37,Nagpur,Maharashtra,Consumer,2023-07-27
C02561,Aditya Patel,Male,20,Chandigarh,Chandigarh,Consumer,2024-04-11
C02562,Rohan Sharma,Female,29,Kochi,Kerala,Corporate,2024-10-13
C02563,Sara Chopra,Female,45,Jaipur,Rajasthan,Consumer,2024-12-17
C02564,Meera Verma,Female,42,Mumbai,Maharashtra,Consumer,2024-03-24
C02565,Anika Khan,Male,56,Chandigarh,Chandigarh,Consumer,2023-10-29
C02566,Diya Mishra,Female,55,Bhopal,Madhya Pradesh,Consumer,2024-09-18
C02567,Anika Malhotra,Male,31,Kolkata,West Bengal,Consumer,2023-02-01
C02568,Rahul Patel,Female,62,Lucknow,Uttar Pradesh,Consumer,2024-09-25
C02569,Riya Singh,Male,64,Chennai,Tamil Nadu,Consumer,2023-09-25
C02570,Rahul Iyer,Female,38,Jaipur,Rajasthan,Consumer,2023-06-20
C02571,Riya Patel,Male,39,Indore,Madhya Pradesh,Consumer,2024-11-05
C02572,Kiara Singh,Other,51,Bhopal,Madhya Pradesh,Small Business,2023-10-18
C02573,Sara Iyer,Female,21,Bhopal,Madhya Pradesh,Consumer,2023-01-31
C02574,Anika Bansal,Male,64,Jaipur,Rajasthan,Consumer,2024-11-18
C02575,Rahul Agarwal,Other,59,Surat,Gujarat,Corporate,2024-06-05
C02576,Krishna Das,Female,55,Mumbai,Maharashtra,Consumer,2024-01-16
C02577,Kabir Reddy,Female,50,Kochi,Kerala,Consumer,2025-04-28
C02578,Aadhya Malhotra,Male,54,Ahmedabad,Gujarat,Corporate,2023-03-22
C02579,Varun Gupta,Other,30,Surat,Gujarat,Consumer,2024-12-10
C02580,Aditya Malhotra,Female,56,Chandigarh,Chandigarh,Consumer,2023-03-24
C02581,Anika Verma,Female,43,Chennai,Tamil Nadu,Corporate,2023-03-14
C02582,Rahul Shah,Female,33,Bengaluru,Karnataka,Consumer,2023-05-12
C02583,Kiara Singh,Female,55,Surat,Gujarat,Consumer,2025-04-26
C02584,Riya Sharma,Female,38,Bhopal,Madhya Pradesh,Small Business,2023-07-08
C02585,Arjun Malhotra,Male,50,Pune,Maharashtra,Consumer,2023-07-09
C02586,Krishna Khan,Male,53,Bengaluru,Karnataka,Corporate,2024-04-04
C02587,Aadhya Mishra,Other,61,Hyderabad,Telangana,Corporate,2024-03-27
C02588,Vivaan Verma,Male,24,Kolkata,West Bengal,Consumer,2024-06-15
C02589,Anaya Bansal,Female,34,Kolkata,West Bengal,Corporate,2024-06-04
C02590,Diya Mishra,Male,28,Jaipur,Rajasthan,Consumer,2024-05-21
C02591,Reyansh Bansal,Male,34,Surat,Gujarat,Consumer,2023-12-22
C02592,Varun Nair,Female,20,Kochi,Kerala,Consumer,2023-09-29
C02593,Reyansh Mishra,Male,49,Kochi,Kerala,Small Business,2023-10-19
C02594,Diya Bansal,Female,25,Chandigarh,Chandigarh,Consumer,2024-07-28
C02595,Aadhya Khan,Female,18,Ahmedabad,Gujarat,Consumer,2023-05-30
C02596,Karan Kapoor,Female,62,Jaipur,Rajasthan,Consumer,2023-12-30
C02597,Aarav Nair,Male,64,Bhopal,Madhya Pradesh,Corporate,2025-05-17
C02598,Reyansh Agarwal,Male,37,Chennai,Tamil Nadu,Consumer,2024-08-13
C02599,Vivaan Mishra,Female,27,Bengaluru,Karnataka,Consumer,2024-04-15
C02600,Rahul Das,Male,37,Indore,Madhya Pradesh,Corporate,2025-01-07
C02601,Varun Agarwal,Female,55,Chandigarh,Chandigarh,Consumer,2023-02-07
C02602,Aditya Mishra,Male,46,Kolkata,West Bengal,Consumer,2023-03-13
C02603,Nisha Saxena,Female,47,Mumbai,Maharashtra,Consumer,2024-07-14
C02604,Anaya Mishra,Male,57,Bhopal,Madhya Pradesh,Corporate,2023-10-06
C02605,Reyansh Bansal,Female,65,Jaipur,Rajasthan,Consumer,2024-05-10
C02606,Kiara Singh,Female,54,Chennai,Tamil Nadu,Consumer,2023-02-16
C02607,Varun Saxena,Female,51,Ahmedabad,Gujarat,Small Business,2025-01-08
C02608,Aadhya Kapoor,Female,28,Nagpur,Maharashtra,Small Business,2025-01-22
C02609,Aarav Iyer,Female,56,Mumbai,Maharashtra,Corporate,2023-03-03
C02610,Ira Malhotra,Other,37,Kolkata,West Bengal,Consumer,2023-09-19
C02611,Reyansh Reddy,Female,31,Nagpur,Maharashtra,Consumer,2024-07-14
C02612,Nisha Sharma,Female,52,Bhopal,Madhya Pradesh,Consumer,2024-07-13
C02613,Diya Saxena,Male,50,Kochi,Kerala,Consumer,2023-09-07
C02614,Kabir Singh,Female,62,Lucknow,Uttar Pradesh,Consumer,2024-03-02
C02615,Rohan Gupta,Female,62,Bengaluru,Karnataka,Consumer,2023-01-10
C02616,Nisha Saxena,Female,53,Delhi,Delhi,Consumer,2023-12-06
C02617,Diya Malhotra,Female,49,Surat,Gujarat,Consumer,2025-03-07
C02618,Aarav Saxena,Female,19,Pune,Maharashtra,Consumer,2025-05-03
C02619,Aarav Joshi,Male,45,Nagpur,Maharashtra,Corporate,2023-11-12
C02620,Aarav Sharma,Female,21,Chandigarh,Chandigarh,Consumer,2024-11-26
C02621,Diya Mishra,Male,48,Nagpur,Maharashtra,Consumer,2023-02-20
C02622,Riya Das,Male,23,Indore,Madhya Pradesh,Consumer,2023-11-03
C02623,Myra Kapoor,Female,54,Ahmedabad,Gujarat,Corporate,2025-04-09
C02624,Meera Bansal,Male,52,Chandigarh,Chandigarh,Consumer,2024-07-03
C02625,Meera Mehta,Other,58,Kochi,Kerala,Consumer,2025-03-06
C02626,Karan Gupta,Male,63,Nagpur,Maharashtra,Corporate,2024-10-13
C02627,Krishna Singh,Female,20,Surat,Gujarat,Corporate,2023-02-13
C02628,Kabir Singh,Male,21,Kochi,Kerala,Consumer,2024-09-17
C02629,Rohan Shah,Female,26,Chandigarh,Chandigarh,Consumer,2023-02-10
C02630,Arjun Reddy,Male,22,Hyderabad,Telangana,Consumer,2024-02-02
C02631,Kiara Nair,Male,43,Surat,Gujarat,Corporate,2024-11-26
C02632,Aarav Chopra,Male,62,Surat,Gujarat,Consumer,2024-07-25
C02633,Aadhya Shah,Male,41,Jaipur,Rajasthan,Consumer,2023-07-13
C02634,Reyansh Agarwal,Female,33,Delhi,Delhi,Consumer,2023-08-15
C02635,Meera Nair,Female,29,Hyderabad,Telangana,Consumer,2023-12-29
C02636,Ira Agarwal,Male,39,Lucknow,Uttar Pradesh,Small Business,2025-05-06
C02637,Aarav Iyer,Female,56,Surat,Gujarat,Consumer,2025-01-18
C02638,Anaya Mishra,Female,59,Kochi,Kerala,Consumer,2023-07-15
C02639,Krishna Chopra,Female,51,Jaipur,Rajasthan,Consumer,2024-04-02
C02640,Aadhya Nair,Female,26,Kochi,Kerala,Corporate,2023-02-13
C02641,Myra Bansal,Male,57,Kochi,Kerala,Small Business,2024-11-16
C02642,Kabir Nair,Other,56,Kolkata,West Bengal,Corporate,2023-04-07
C02643,Aditya Sharma,Female,41,Chennai,Tamil Nadu,Consumer,2024-05-04
C02644,Tanya Das,Female,35,Delhi,Delhi,Consumer,2023-11-05
C02645,Rohan Agarwal,Female,63,Bhopal,Madhya Pradesh,Consumer,2023-11-01
C02646,Diya Kapoor,Female,40,Chennai,Tamil Nadu,Consumer,2024-10-05
C02647,Rohan Iyer,Male,37,Delhi,Delhi,Small Business,2023-06-07
C02648,Rahul Malhotra,Female,34,Surat,Gujarat,Corporate,2025-06-05
C02649,Ira Khan,Other,50,Chandigarh,Chandigarh,Consumer,2024-08-10
C02650,Meera Das,Male,63,Indore,Madhya Pradesh,Consumer,2024-11-07
C02651,Varun Malhotra,Male,36,Kochi,Kerala,Corporate,2023-03-13
C02652,Rahul Patel,Male,46,Kochi,Kerala,Corporate,2023-05-06
C02653,Rahul Nair,Male,48,Kolkata,West Bengal,Small Business,2024-03-13
C02654,Anaya Khan,Male,48,Indore,Madhya Pradesh,Consumer,2024-02-14
C02655,Aadhya Singh,Male,26,Chennai,Tamil Nadu,Consumer,2024-12-22
C02656,Diya Bansal,Female,54,Jaipur,Rajasthan,Consumer,2025-02-08
C02657,Anaya Verma,Male,65,Ahmedabad,Gujarat,Corporate,2024-05-23
C02658,Nisha Verma,Male,38,Bengaluru,Karnataka,Consumer,2023-07-06
C02659,Aadhya Mehta,Female,54,Delhi,Delhi,Consumer,2024-01-03
C02660,Aditya Reddy,Female,59,Indore,Madhya Pradesh,Consumer,2024-04-11
C02661,Tanya Khan,Male,28,Indore,Madhya Pradesh,Consumer,2023-03-14
C02662,Aditya Das,Female,65,Hyderabad,Telangana,Consumer,2024-02-26
C02663,Anika Nair,Female,42,Chandigarh,Chandigarh,Consumer,2023-02-11
C02664,Reyansh Patel,Female,31,Bengaluru,Karnataka,Consumer,2023-04-08
C02665,Anika Reddy,Male,50,Surat,Gujarat,Consumer,2024-03-26
C02666,Rahul Saxena,Female,36,Pune,Maharashtra,Consumer,2024-12-25
C02667,Karan Patel,Male,57,Kolkata,West Bengal,Consumer,2024-07-06
C02668,Anaya Nair,Other,41,Mumbai,Maharashtra,Consumer,2023-06-07
C02669,Sara Singh,Male,61,Kolkata,West Bengal,Consumer,2024-08-24
C02670,Karan Kapoor,Male,45,Delhi,Delhi,Consumer,2023-02-24
C02671,Diya Verma,Male,65,Pune,Maharashtra,Consumer,2025-04-20
C02672,Krishna Das,Female,46,Chennai,Tamil Nadu,Consumer,2023-10-18
C02673,Anika Saxena,Male,47,Jaipur,Rajasthan,Consumer,2024-05-20
C02674,Anaya Das,Female,37,Jaipur,Rajasthan,Corporate,2024-07-16
C02675,Arjun Mehta,Male,33,Pune,Maharashtra,Consumer,2023-09-22
C02676,Sara Mishra,Male,34,Indore,Madhya Pradesh,Corporate,2023-03-04
C02677,Ira Reddy,Female,20,Pune,Maharashtra,Corporate,2024-01-26
C02678,Kiara Mishra,Male,45,Kolkata,West Bengal,Consumer,2024-09-25
C02679,Kiara Gupta,Female,22,Hyderabad,Telangana,Small Business,2024-11-17
C02680,Ira Singh,Male,64,Pune,Maharashtra,Consumer,2023-12-16
C02681,Vivaan Gupta,Male,53,Delhi,Delhi,Corporate,2023-04-14
C02682,Kabir Singh,Female,50,Kolkata,West Bengal,Consumer,2025-05-18
C02683,Karan Chopra,Female,51,Surat,Gujarat,Consumer,2025-01-20
C02684,Vivaan Sharma,Other,46,Jaipur,Rajasthan,Small Business,2024-01-22
C02685,Reyansh Gupta,Male,36,Jaipur,Rajasthan,Small Business,2023-07-10
C02686,Kabir Sharma,Male,26,Chandigarh,Chandigarh,Corporate,2024-11-21
C02687,Riya Mehta,Male,21,Mumbai,Maharashtra,Consumer,2024-12-17
C02688,Krishna Chopra,Female,34,Chennai,Tamil Nadu,Consumer,2024-03-21
C02689,Kiara Agarwal,Male,23,Chandigarh,Chandigarh,Consumer,2024-10-27
C02690,Arjun Das,Female,37,Kolkata,West Bengal,Consumer,2024-06-24
C02691,Varun Chopra,Female,51,Mumbai,Maharashtra,Consumer,2023-01-04
C02692,Aarav Khan,Female,51,Ahmedabad,Gujarat,Consumer,2024-10-22
C02693,Varun Chopra,Female,32,Nagpur,Maharashtra,Corporate,2024-10-06
C02694,Vivaan Bansal,Female,43,Pune,Maharashtra,Consumer,2024-10-06
C02695,Riya Reddy,Male,65,Ahmedabad,Gujarat,Consumer,2023-05-14
C02696,Anika Nair,Male,19,Mumbai,Maharashtra,Consumer,2024-04-09
C02697,Myra Malhotra,Male,56,Mumbai,Maharashtra,Consumer,2024-10-16
C02698,Myra Patel,Male,51,Kochi,Kerala,Consumer,2024-11-19
C02699,Ira Chopra,Female,59,Surat,Gujarat,Consumer,2024-06-06
C02700,Vivaan Gupta,Male,60,Kolkata,West Bengal,Consumer,2023-06-27
C02701,Ira Sharma,Male,61,Ahmedabad,Gujarat,Consumer,2024-07-31
C02702,Riya Chopra,Male,19,Mumbai,Maharashtra,Consumer,2024-10-05
C02703,Aditya Das,Male,19,Delhi,Delhi,Consumer,2024-12-17
C02704,Meera Singh,Female,23,Mumbai,Maharashtra,Small Business,2024-02-24
C02705,Anika Kapoor,Male,47,Pune,Maharashtra,Corporate,2023-02-23
C02706,Ishaan Kapoor,Male,62,Jaipur,Rajasthan,Consumer,2023-10-27
C02707,Vivaan Nair,Female,33,Kochi,Kerala,Consumer,2023-04-07
C02708,Tanya Saxena,Male,44,Surat,Gujarat,Consumer,2024-07-15
C02709,Arjun Sharma,Female,26,Ahmedabad,Gujarat,Consumer,2024-03-13
C02710,Anika Kapoor,Female,53,Bengaluru,Karnataka,Consumer,2023-12-11
C02711,Ishaan Gupta,Female,25,Jaipur,Rajasthan,Consumer,2024-07-24
C02712,Nisha Bansal,Male,34,Bhopal,Madhya Pradesh,Small Business,2024-07-19
C02713,Ishaan Joshi,Female,48,Bengaluru,Karnataka,Consumer,2024-03-11
C02714,Kabir Agarwal,Male,39,Bengaluru,Karnataka,Corporate,2023-02-19
C02715,Karan Nair,Female,41,Kolkata,West Bengal,Consumer,2024-03-23
C02716,Anaya Malhotra,Male,36,Nagpur,Maharashtra,Consumer,2024-10-11
C02717,Arjun Mishra,Female,52,Delhi,Delhi,Consumer,2024-03-04
C02718,Aarav Mishra,Male,48,Jaipur,Rajasthan,Consumer,2024-07-02
C02719,Riya Reddy,Female,26,Lucknow,Uttar Pradesh,Small Business,2024-12-22
C02720,Rohan Agarwal,Female,63,Chandigarh,Chandigarh,Corporate,2025-05-22
C02721,Diya Saxena,Male,28,Jaipur,Rajasthan,Corporate,2023-09-05
C02722,Rahul Agarwal,Male,43,Jaipur,Rajasthan,Consumer,2024-09-19
C02723,Anika Patel,Female,22,Jaipur,Rajasthan,Corporate,2025-05-02
C02724,Aarav Singh,Male,54,Delhi,Delhi,Consumer,2024-09-25
C02725,Nisha Malhotra,Female,54,Indore,Madhya Pradesh,Consumer,2024-07-19
C02726,Myra Agarwal,Male,59,Hyderabad,Telangana,Consumer,2023-04-03
C02727,Riya Mehta,Female,20,Pune,Maharashtra,Small Business,2024-03-24
C02728,Reyansh Reddy,Female,34,Chennai,Tamil Nadu,Consumer,2024-10-23
C02729,Anaya Reddy,Male,49,Chandigarh,Chandigarh,Corporate,2025-01-02
C02730,Aarav Nair,Male,45,Nagpur,Maharashtra,Corporate,2023-09-06
C02731,Arjun Singh,Male,44,Chennai,Tamil Nadu,Small Business,2024-08-31
C02732,Anaya Agarwal,Male,44,Indore,Madhya Pradesh,Corporate,2023-07-19
C02733,Arjun Saxena,Other,54,Kolkata,West Bengal,Consumer,2024-01-05
C02734,Reyansh Shah,Female,47,Bengaluru,Karnataka,Small Business,2024-02-13
C02735,Kiara Patel,Female,50,Indore,Madhya Pradesh,Consumer,2023-01-12
C02736,Rahul Reddy,Female,35,Chandigarh,Chandigarh,Consumer,2025-04-02
C02737,Kabir Mehta,Male,41,Delhi,Delhi,Consumer,2023-05-31
C02738,Rahul Khan,Female,47,Jaipur,Rajasthan,Consumer,2025-02-11
C02739,Aadhya Patel,Female,22,Delhi,Delhi,Consumer,2025-06-16
C02740,Reyansh Mehta,Female,42,Lucknow,Uttar Pradesh,Consumer,2023-07-21
C02741,Anika Kapoor,Male,48,Chennai,Tamil Nadu,Consumer,2023-04-02
C02742,Aditya Kapoor,Female,60,Ahmedabad,Gujarat,Corporate,2024-04-08
C02743,Aditya Chopra,Male,39,Bhopal,Madhya Pradesh,Consumer,2024-07-09
C02744,Rohan Bansal,Female,63,Kochi,Kerala,Consumer,2023-05-18
C02745,Anika Reddy,Male,29,Nagpur,Maharashtra,Consumer,2023-06-07
C02746,Myra Khan,Female,49,Lucknow,Uttar Pradesh,Small Business,2024-01-21
C02747,Aarav Singh,Other,62,Surat,Gujarat,Consumer,2023-10-04
C02748,Sara Sharma,Male,47,Bengaluru,Karnataka,Small Business,2025-06-09
C02749,Anaya Reddy,Male,28,Kochi,Kerala,Consumer,2023-08-23
C02750,Rohan Khan,Female,39,Hyderabad,Telangana,Consumer,2023-01-11
C02751,Krishna Mehta,Male,21,Bengaluru,Karnataka,Corporate,2024-05-04
C02752,Ishaan Verma,Female,19,Kochi,Kerala,Consumer,2024-11-28
C02753,Kabir Bansal,Female,36,Jaipur,Rajasthan,Consumer,2024-10-22
C02754,Nisha Joshi,Female,34,Kochi,Kerala,Corporate,2024-04-11
C02755,Reyansh Verma,Female,21,Ahmedabad,Gujarat,Consumer,2024-05-05
C02756,Anaya Nair,Male,48,Mumbai,Maharashtra,Corporate,2024-08-27
C02757,Kabir Saxena,Male,37,Chennai,Tamil Nadu,Corporate,2024-04-29
C02758,Sara Das,Male,47,Hyderabad,Telangana,Corporate,2024-06-16
C02759,Aditya Khan,Male,61,Indore,Madhya Pradesh,Corporate,2025-04-20
C02760,Varun Joshi,Female,60,Surat,Gujarat,Consumer,2024-07-27
C02761,Karan Kapoor,Male,32,Kolkata,West Bengal,Consumer,2025-06-01
C02762,Krishna Khan,Male,28,Delhi,Delhi,Small Business,2025-03-11
C02763,Kiara Patel,Male,30,Delhi,Delhi,Consumer,2023-04-23
C02764,Varun Das,Male,63,Indore,Madhya Pradesh,Consumer,2023-03-28
C02765,Tanya Joshi,Male,37,Surat,Gujarat,Corporate,2024-02-19
C02766,Diya Khan,Male,57,Hyderabad,Telangana,Corporate,2023-05-27
C02767,Myra Chopra,Female,56,Jaipur,Rajasthan,Consumer,2024-02-04
C02768,Rahul Joshi,Male,52,Indore,Madhya Pradesh,Small Business,2024-04-20
C02769,Arjun Singh,Male,37,Nagpur,Maharashtra,Consumer,2023-03-24
C02770,Tanya Khan,Female,59,Pune,Maharashtra,Corporate,2023-03-13
C02771,Kiara Khan,Female,31,Pune,Maharashtra,Consumer,2024-11-12
C02772,Krishna Mehta,Female,51,Indore,Madhya Pradesh,Consumer,2023-07-14
C02773,Kiara Bansal,Male,51,Pune,Maharashtra,Consumer,2024-11-11
C02774,Varun Agarwal,Male,64,Ahmedabad,Gujarat,Consumer,2024-08-04
C02775,Nisha Iyer,Male,46,Indore,Madhya Pradesh,Consumer,2024-08-21
C02776,Diya Nair,Female,41,Surat,Gujarat,Consumer,2023-01-01
C02777,Kiara Shah,Male,57,Surat,Gujarat,Small Business,2023-02-26
C02778,Diya Agarwal,Female,45,Kolkata,West Bengal,Corporate,2023-07-16
C02779,Aadhya Verma,Male,29,Bengaluru,Karnataka,Consumer,2023-11-09
C02780,Vivaan Chopra,Male,33,Indore,Madhya Pradesh,Corporate,2025-02-08
C02781,Karan Sharma,Female,27,Surat,Gujarat,Corporate,2024-03-09
C02782,Sara Shah,Male,25,Indore,Madhya Pradesh,Consumer,2023-10-22
C02783,Krishna Singh,Male,37,Nagpur,Maharashtra,Small Business,2024-09-14
C02784,Krishna Kapoor,Female,21,Chandigarh,Chandigarh,Consumer,2024-10-04
C02785,Meera Saxena,Female,25,Indore,Madhya Pradesh,Consumer,2023-07-16
C02786,Aadhya Verma,Female,43,Ahmedabad,Gujarat,Consumer,2025-05-08
C02787,Aditya Joshi,Male,59,Hyderabad,Telangana,Consumer,2023-06-04
C02788,Ira Sharma,Male,33,Mumbai,Maharashtra,Corporate,2024-01-24
C02789,Diya Iyer,Female,27,Hyderabad,Telangana,Consumer,2023-11-26
C02790,Sara Verma,Male,45,Kolkata,West Bengal,Small Business,2024-03-31
C02791,Karan Patel,Female,21,Surat,Gujarat,Consumer,2024-03-01
C02792,Ishaan Joshi,Female,60,Chennai,Tamil Nadu,Small Business,2024-11-02
C02793,Anika Agarwal,Female,27,Jaipur,Rajasthan,Consumer,2023-12-12
C02794,Varun Das,Male,52,Ahmedabad,Gujarat,Corporate,2025-04-02
C02795,Aditya Singh,Female,47,Indore,Madhya Pradesh,Consumer,2023-05-20
C02796,Varun Malhotra,Female,65,Chennai,Tamil Nadu,Consumer,2023-05-24
C02797,Aditya Chopra,Male,54,Chennai,Tamil Nadu,Consumer,2024-01-08
C02798,Vivaan Patel,Male,56,Ahmedabad,Gujarat,Corporate,2024-11-24
C02799,Rohan Nair,Female,55,Pune,Maharashtra,Corporate,2024-11-06
C02800,Meera Khan,Female,44,Nagpur,Maharashtra,Consumer,2024-08-06
C02801,Kabir Mishra,Male,61,Nagpur,Maharashtra,Consumer,2023-01-06
C02802,Reyansh Reddy,Male,37,Kochi,Kerala,Consumer,2025-03-25
C02803,Reyansh Iyer,Female,50,Jaipur,Rajasthan,Consumer,2024-11-09
C02804,Riya Iyer,Male,23,Bengaluru,Karnataka,Consumer,2024-05-16
C02805,Aadhya Kapoor,Male,65,Jaipur,Rajasthan,Corporate,2023-12-27
C02806,Nisha Malhotra,Male,53,Lucknow,Uttar Pradesh,Consumer,2024-06-09
C02807,Nisha Kapoor,Male,31,Bhopal,Madhya Pradesh,Consumer,2024-08-06
C02808,Meera Khan,Female,29,Nagpur,Maharashtra,Corporate,2023-03-29
C02809,Riya Sharma,Male,55,Indore,Madhya Pradesh,Consumer,2024-08-03
C02810,Ira Bansal,Female,47,Jaipur,Rajasthan,Consumer,2023-09-11
C02811,Meera Nair,Female,24,Chandigarh,Chandigarh,Consumer,2025-06-18
C02812,Diya Singh,Male,34,Bengaluru,Karnataka,Corporate,2023-04-04
C02813,Aditya Kapoor,Female,40,Delhi,Delhi,Corporate,2024-03-16
C02814,Karan Agarwal,Male,46,Hyderabad,Telangana,Consumer,2023-10-20
C02815,Aditya Mishra,Female,27,Mumbai,Maharashtra,Consumer,2024-06-18
C02816,Riya Singh,Male,55,Kolkata,West Bengal,Small Business,2023-09-04
C02817,Anaya Gupta,Female,47,Chennai,Tamil Nadu,Consumer,2024-01-07
C02818,Aditya Sharma,Female,43,Chandigarh,Chandigarh,Small Business,2024-05-30
C02819,Rohan Malhotra,Female,19,Nagpur,Maharashtra,Consumer,2023-04-20
C02820,Myra Chopra,Female,24,Indore,Madhya Pradesh,Corporate,2023-05-12
C02821,Krishna Malhotra,Male,45,Surat,Gujarat,Consumer,2024-09-15
C02822,Sara Verma,Male,34,Kochi,Kerala,Corporate,2024-11-07
C02823,Karan Joshi,Male,43,Mumbai,Maharashtra,Corporate,2024-02-02
C02824,Riya Patel,Male,21,Kolkata,West Bengal,Consumer,2023-08-01
C02825,Karan Malhotra,Male,30,Hyderabad,Telangana,Consumer,2025-02-24
C02826,Anika Patel,Female,56,Jaipur,Rajasthan,Consumer,2023-08-21
C02827,Rohan Mishra,Female,37,Chennai,Tamil Nadu,Consumer,2023-07-15
C02828,Aditya Saxena,Other,23,Delhi,Delhi,Consumer,2023-03-28
C02829,Aadhya Nair,Female,49,Bengaluru,Karnataka,Corporate,2023-10-15
C02830,Karan Bansal,Female,48,Mumbai,Maharashtra,Corporate,2025-02-13
C02831,Rohan Das,Male,33,Chandigarh,Chandigarh,Consumer,2024-10-22
C02832,Meera Iyer,Female,26,Surat,Gujarat,Consumer,2023-07-05
C02833,Rahul Iyer,Male,21,Bhopal,Madhya Pradesh,Consumer,2024-11-30
C02834,Aadhya Mehta,Male,26,Pune,Maharashtra,Consumer,2023-04-28
C02835,Ira Gupta,Male,62,Ahmedabad,Gujarat,Consumer,2025-03-19
C02836,Kabir Joshi,Female,39,Kolkata,West Bengal,Consumer,2025-01-05
C02837,Tanya Patel,Female,52,Bhopal,Madhya Pradesh,Consumer,2023-04-11
C02838,Aditya Chopra,Male,37,Pune,Maharashtra,Consumer,2023-05-02
C02839,Arjun Kapoor,Female,51,Hyderabad,Telangana,Consumer,2024-11-23
C02840,Vivaan Nair,Female,31,Pune,Maharashtra,Corporate,2024-02-27
C02841,Sara Gupta,Male,53,Kolkata,West Bengal,Consumer,2025-06-12
C02842,Kiara Bansal,Male,59,Pune,Maharashtra,Corporate,2024-12-02
C02843,Aarav Kapoor,Female,49,Hyderabad,Telangana,Consumer,2025-05-21
C02844,Aarav Nair,Male,52,Hyderabad,Telangana,Consumer,2025-02-25
C02845,Myra Bansal,Male,48,Chennai,Tamil Nadu,Corporate,2024-04-22
C02846,Aditya Chopra,Male,21,Bengaluru,Karnataka,Small Business,2023-07-14
C02847,Krishna Reddy,Female,63,Jaipur,Rajasthan,Corporate,2023-03-12
C02848,Anika Shah,Female,59,Delhi,Delhi,Consumer,2023-07-06
C02849,Rohan Das,Female,58,Kochi,Kerala,Consumer,2023-11-06
C02850,Reyansh Mishra,Female,48,Chennai,Tamil Nadu,Corporate,2024-08-01
C02851,Varun Iyer,Female,59,Ahmedabad,Gujarat,Corporate,2024-04-08
C02852,Arjun Shah,Male,24,Pune,Maharashtra,Consumer,2023-02-14
C02853,Rohan Kapoor,Male,24,Chandigarh,Chandigarh,Consumer,2024-11-03
C02854,Sara Singh,Male,19,Nagpur,Maharashtra,Small Business,2024-01-06
C02855,Meera Singh,Male,26,Jaipur,Rajasthan,Consumer,2024-01-29
C02856,Tanya Joshi,Male,51,Delhi,Delhi,Small Business,2024-10-01
C02857,Varun Gupta,Male,29,Hyderabad,Telangana,Corporate,2023-08-08
C02858,Aarav Singh,Male,26,Mumbai,Maharashtra,Consumer,2024-05-25
C02859,Rohan Nair,Female,29,Bhopal,Madhya Pradesh,Consumer,2024-08-15
C02860,Rohan Verma,Male,38,Chennai,Tamil Nadu,Consumer,2023-05-18
C02861,Sara Reddy,Female,23,Hyderabad,Telangana,Corporate,2023-12-30
C02862,Anaya Agarwal,Male,27,Kolkata,West Bengal,Corporate,2023-06-11
C02863,Meera Malhotra,Male,23,Ahmedabad,Gujarat,Consumer,2024-02-21
C02864,Rahul Chopra,Male,20,Surat,Gujarat,Consumer,2023-10-18
C02865,Varun Nair,Male,39,Lucknow,Uttar Pradesh,Corporate,2023-06-23
C02866,Ishaan Sharma,Male,59,Mumbai,Maharashtra,Consumer,2024-06-15
C02867,Aditya Bansal,Female,55,Bengaluru,Karnataka,Consumer,2023-01-13
C02868,Meera Shah,Male,55,Kochi,Kerala,Small Business,2023-05-13
C02869,Ishaan Khan,Female,51,Chandigarh,Chandigarh,Consumer,2023-10-08
C02870,Sara Singh,Female,61,Chennai,Tamil Nadu,Consumer,2025-04-14
C02871,Reyansh Reddy,Male,42,Delhi,Delhi,Consumer,2024-03-28
C02872,Anika Das,Male,42,Jaipur,Rajasthan,Consumer,2023-06-11
C02873,Meera Reddy,Male,22,Ahmedabad,Gujarat,Consumer,2025-05-23
C02874,Vivaan Chopra,Male,37,Lucknow,Uttar Pradesh,Consumer,2024-05-30
C02875,Riya Mishra,Female,65,Bengaluru,Karnataka,Consumer,2023-11-13
C02876,Kabir Patel,Female,30,Kochi,Kerala,Consumer,2024-09-01
C02877,Krishna Chopra,Male,57,Mumbai,Maharashtra,Consumer,2024-02-08
C02878,Ishaan Khan,Female,39,Jaipur,Rajasthan,Consumer,2025-01-29
C02879,Aadhya Gupta,Male,29,Jaipur,Rajasthan,Small Business,2025-01-03
C02880,Kabir Gupta,Female,57,Chennai,Tamil Nadu,Corporate,2025-05-20
C02881,Arjun Gupta,Male,47,Surat,Gujarat,Corporate,2025-03-05
C02882,Myra Saxena,Male,32,Indore,Madhya Pradesh,Consumer,2023-07-01
C02883,Riya Agarwal,Female,20,Indore,Madhya Pradesh,Corporate,2024-06-21
C02884,Rahul Iyer,Female,59,Delhi,Delhi,Consumer,2024-08-25
C02885,Arjun Gupta,Female,56,Mumbai,Maharashtra,Consumer,2023-08-21
C02886,Meera Nair,Female,33,Lucknow,Uttar Pradesh,Small Business,2024-09-15
C02887,Nisha Sharma,Female,48,Bengaluru,Karnataka,Consumer,2024-08-30
C02888,Diya Shah,Female,26,Kolkata,West Bengal,Consumer,2024-12-23
C02889,Rahul Nair,Male,35,Hyderabad,Telangana,Consumer,2023-07-31
C02890,Aadhya Sharma,Male,32,Indore,Madhya Pradesh,Consumer,2024-03-10
C02891,Rahul Bansal,Female,46,Ahmedabad,Gujarat,Corporate,2024-07-05
C02892,Aadhya Iyer,Male,60,Ahmedabad,Gujarat,Consumer,2025-06-07
C02893,Rahul Singh,Male,26,Kochi,Kerala,Consumer,2024-07-27
C02894,Aadhya Agarwal,Male,53,Hyderabad,Telangana,Consumer,2024-02-03
C02895,Kiara Gupta,Female,23,Jaipur,Rajasthan,Consumer,2023-04-28
C02896,Myra Singh,Female,37,Hyderabad,Telangana,Consumer,2023-01-06
C02897,Meera Gupta,Female,24,Surat,Gujarat,Corporate,2025-01-23
C02898,Karan Iyer,Female,48,Lucknow,Uttar Pradesh,Small Business,2025-06-09
C02899,Sara Shah,Male,23,Chennai,Tamil Nadu,Small Business,2023-06-15
C02900,Nisha Shah,Male,50,Lucknow,Uttar Pradesh,Consumer,2025-05-30
C02901,Vivaan Gupta,Female,57,Chennai,Tamil Nadu,Consumer,2024-06-27
C02902,Ishaan Shah,Female,27,Hyderabad,Telangana,Consumer,2024-05-24
C02903,Vivaan Bansal,Male,32,Chennai,Tamil Nadu,Consumer,2024-05-01
C02904,Varun Reddy,Female,18,Pune,Maharashtra,Corporate,2024-12-04
C02905,Arjun Verma,Male,48,Bengaluru,Karnataka,Consumer,2024-10-26
C02906,Ira Reddy,Female,51,Hyderabad,Telangana,Consumer,2025-02-19
C02907,Meera Khan,Other,52,Surat,Gujarat,Consumer,2024-01-02
C02908,Diya Das,Male,20,Chennai,Tamil Nadu,Corporate,2024-03-13
C02909,Diya Agarwal,Male,24,Mumbai,Maharashtra,Corporate,2024-05-11
C02910,Anaya Shah,Male,34,Indore,Madhya Pradesh,Consumer,2024-11-15
C02911,Myra Joshi,Female,20,Bengaluru,Karnataka,Corporate,2023-07-13
C02912,Aadhya Das,Female,61,Delhi,Delhi,Corporate,2024-01-06
C02913,Arjun Agarwal,Male,53,Jaipur,Rajasthan,Consumer,2023-10-31
C02914,Tanya Saxena,Female,34,Bengaluru,Karnataka,Consumer,2023-03-29
C02915,Varun Verma,Male,23,Jaipur,Rajasthan,Consumer,2023-04-18
C02916,Karan Agarwal,Male,53,Jaipur,Rajasthan,Consumer,2023-06-16
C02917,Reyansh Agarwal,Male,62,Bhopal,Madhya Pradesh,Consumer,2025-02-08
C02918,Kiara Nair,Male,54,Chandigarh,Chandigarh,Corporate,2023-04-22
C02919,Myra Khan,Male,34,Bengaluru,Karnataka,Consumer,2024-06-17
C02920,Karan Sharma,Female,23,Mumbai,Maharashtra,Corporate,2023-09-26
C02921,Kabir Mishra,Female,18,Bhopal,Madhya Pradesh,Corporate,2025-01-30
C02922,Aadhya Saxena,Other,25,Delhi,Delhi,Consumer,2023-05-17
C02923,Diya Singh,Male,53,Bengaluru,Karnataka,Consumer,2023-07-27
C02924,Anika Kapoor,Male,40,Surat,Gujarat,Consumer,2024-01-09
C02925,Myra Nair,Female,19,Indore,Madhya Pradesh,Consumer,2023-12-13
C02926,Tanya Gupta,Female,22,Bengaluru,Karnataka,Consumer,2024-07-20
C02927,Sara Malhotra,Female,40,Mumbai,Maharashtra,Small Business,2023-02-20
C02928,Arjun Kapoor,Male,43,Bhopal,Madhya Pradesh,Consumer,2023-04-27
C02929,Vivaan Joshi,Female,34,Surat,Gujarat,Small Business,2024-08-06
C02930,Myra Mehta,Female,50,Surat,Gujarat,Consumer,2023-06-15
C02931,Aarav Kapoor,Female,26,Chandigarh,Chandigarh,Consumer,2024-10-20
C02932,Nisha Khan,Other,53,Chennai,Tamil Nadu,Consumer,2023-06-14
C02933,Anika Agarwal,Male,42,Kochi,Kerala,Corporate,2024-02-08
C02934,Aarav Malhotra,Male,25,Kolkata,West Bengal,Consumer,2023-01-01
C02935,Meera Kapoor,Female,37,Kochi,Kerala,Consumer,2024-05-19
C02936,Rohan Sharma,Male,20,Jaipur,Rajasthan,Consumer,2024-10-16
C02937,Meera Shah,Male,36,Chandigarh,Chandigarh,Consumer,2025-03-08
C02938,Karan Chopra,Male,47,Lucknow,Uttar Pradesh,Consumer,2024-04-10
C02939,Rohan Saxena,Female,49,Kolkata,West Bengal,Consumer,2023-02-18
C02940,Anaya Das,Male,20,Chandigarh,Chandigarh,Corporate,2023-06-11
C02941,Nisha Shah,Male,44,Indore,Madhya Pradesh,Corporate,2023-10-14
C02942,Meera Reddy,Female,36,Hyderabad,Telangana,Consumer,2024-08-25
C02943,Aadhya Gupta,Female,24,Chandigarh,Chandigarh,Small Business,2023-03-13
C02944,Arjun Mishra,Male,25,Chennai,Tamil Nadu,Consumer,2025-05-16
C02945,Sara Nair,Male,24,Jaipur,Rajasthan,Consumer,2024-03-27
C02946,Aadhya Sharma,Male,21,Hyderabad,Telangana,Consumer,2023-01-15
C02947,Diya Saxena,Male,20,Bengaluru,Karnataka,Consumer,2024-07-17
C02948,Arjun Nair,Female,50,Hyderabad,Telangana,Consumer,2023-06-28
C02949,Rahul Chopra,Female,38,Kochi,Kerala,Corporate,2024-09-25
C02950,Kabir Bansal,Male,50,Lucknow,Uttar Pradesh,Consumer,2023-07-19
C02951,Rahul Reddy,Other,43,Lucknow,Uttar Pradesh,Consumer,2023-10-28
C02952,Ira Kapoor,Female,39,Chennai,Tamil Nadu,Consumer,2025-06-16
C02953,Ishaan Das,Male,49,Chandigarh,Chandigarh,Small Business,2025-05-07
C02954,Ira Nair,Male,46,Nagpur,Maharashtra,Corporate,2024-04-16
C02955,Ishaan Mehta,Female,18,Chennai,Tamil Nadu,Consumer,2023-11-02
C02956,Krishna Iyer,Male,56,Jaipur,Rajasthan,Small Business,2024-08-13
C02957,Rohan Das,Male,60,Mumbai,Maharashtra,Consumer,2023-01-08
C02958,Karan Nair,Female,45,Bengaluru,Karnataka,Consumer,2023-10-13
C02959,Myra Saxena,Male,18,Ahmedabad,Gujarat,Consumer,2023-01-08
C02960,Kabir Khan,Female,38,Pune,Maharashtra,Consumer,2024-11-15
C02961,Vivaan Mehta,Male,19,Bhopal,Madhya Pradesh,Small Business,2023-07-17
C02962,Anika Gupta,Male,37,Lucknow,Uttar Pradesh,Consumer,2023-08-18
C02963,Tanya Joshi,Female,30,Indore,Madhya Pradesh,Consumer,2023-09-24
C02964,Kabir Gupta,Female,65,Ahmedabad,Gujarat,Small Business,2023-04-12
C02965,Aarav Mishra,Female,19,Hyderabad,Telangana,Consumer,2023-05-08
C02966,Vivaan Iyer,Female,61,Delhi,Delhi,Corporate,2025-02-02
C02967,Kabir Khan,Male,47,Hyderabad,Telangana,Corporate,2025-03-05
C02968,Rohan Mishra,Male,24,Indore,Madhya Pradesh,Consumer,2024-12-24
C02969,Anaya Singh,Female,22,Chennai,Tamil Nadu,Consumer,2024-06-30
C02970,Reyansh Nair,Female,37,Delhi,Delhi,Consumer,2025-05-22
C02971,Rahul Singh,Female,37,Surat,Gujarat,Corporate,2024-06-03
C02972,Anika Saxena,Male,51,Delhi,Delhi,Corporate,2023-02-02
C02973,Anaya Reddy,Female,61,Chandigarh,Chandigarh,Corporate,2023-06-20
C02974,Tanya Patel,Female,34,Bhopal,Madhya Pradesh,Consumer,2024-02-10
C02975,Riya Sharma,Female,49,Pune,Maharashtra,Consumer,2025-05-17
C02976,Rahul Das,Other,52,Ahmedabad,Gujarat,Small Business,2024-12-15
C02977,Sara Khan,Female,23,Bhopal,Madhya Pradesh,Small Business,2023-01-28
C02978,Arjun Shah,Male,61,Kolkata,West Bengal,Consumer,2023-07-10
C02979,Reyansh Shah,Male,35,Mumbai,Maharashtra,Consumer,2023-02-09
C02980,Myra Bansal,Male,40,Bengaluru,Karnataka,Consumer,2023-04-15
C02981,Karan Iyer,Male,29,Chennai,Tamil Nadu,Consumer,2024-07-29
C02982,Krishna Reddy,Male,63,Chennai,Tamil Nadu,Consumer,2023-12-24
C02983,Ishaan Joshi,Male,36,Lucknow,Uttar Pradesh,Small Business,2023-05-24
C02984,Sara Patel,Female,19,Ahmedabad,Gujarat,Consumer,2025-05-26
C02985,Krishna Mehta,Other,64,Kolkata,West Bengal,Consumer,2025-03-22
C02986,Anaya Joshi,Male,25,Chandigarh,Chandigarh,Consumer,2024-03-24
C02987,Rahul Malhotra,Female,33,Chennai,Tamil Nadu,Corporate,2023-07-06
C02988,Aditya Kapoor,Male,23,Kolkata,West Bengal,Consumer,2023-12-30
C02989,Vivaan Reddy,Male,24,Surat,Gujarat,Consumer,2023-05-03
C02990,Aadhya Bansal,Female,30,Chandigarh,Chandigarh,Consumer,2024-04-26
C02991,Tanya Bansal,Male,24,Ahmedabad,Gujarat,Consumer,2023-02-05
C02992,Myra Kapoor,Male,38,Delhi,Delhi,Consumer,2024-05-22
C02993,Ishaan Saxena,Female,21,Hyderabad,Telangana,Corporate,2024-04-23
C02994,Arjun Nair,Male,57,Hyderabad,Telangana,Consumer,2024-10-17
C02995,Karan Gupta,Male,39,Chennai,Tamil Nadu,Consumer,2023-11-11
C02996,Anika Joshi,Male,36,Kochi,Kerala,Consumer,2023-11-11
C02997,Tanya Kapoor,Female,25,Surat,Gujarat,Small Business,2023-04-27
C02998,Anaya Reddy,Male,19,Bengaluru,Karnataka,Consumer,2025-06-11
C02999,Reyansh Khan,Female,57,Jaipur,Rajasthan,Consumer,2024-07-25
C03000,Diya Kapoor,Female,39,Chennai,Tamil Nadu,Corporate,2023-03-27
